player_id,minutes,goals_scored,assists,clean_sheets,goals_conceded,own_goals,penalties_saved,penalties_missed,yellow_cards,red_cards,saves,bonus,bps,influence,creativity,threat,ict_index,clearances_blocks_interceptions,recoveries,tackles,defensive_contribution,starts,expected_goals,expected_assists,expected_goal_involvements,expected_goals_conceded,total_points,in_dreamteam
1,90,0,0,1,0,0,0,0,0,0,2,1,25,14.0,0.0,0.0,1.4,1,8,0,0,1,0.00,0.00,0.00,0.82,7,False
2,0,0,0,0,0,0,0,0,0,0,0,0,0,0.0,0.0,0.0,0.0,0,0,0,0,0,0.00,0.00,0.00,0.00,0,False
3,0,0,0,0,0,0,0,0,0,0,0,0,0,0.0,0.0,0.0,0.0,0,0,0,0,0,0.00,0.00,0.00,0.00,0,False
4,0,0,0,0,0,0,0,0,0,0,0,0,0,0.0,0.0,0.0,0.0,0,0,0,0,0,0.00,0.00,0.00,0.00,0,False
5,90,0,0,1,0,0,0,0,0,0,0,3,40,37.6,0.3,2.0,4.0,16,2,1,17,1,0.00,0.00,0.00,0.82,11,True
6,0,0,0,0,0,0,0,0,0,0,0,0,0,0.0,0.0,0.0,0.0,0,0,0,0,0,0.00,0.00,0.00,0.00,0,False
7,26,0,0,0,0,0,0,0,0,0,0,0,2,4.6,0.9,0.0,0.6,1,0,1,2,0,0.00,0.00,0.00,0.18,1,False
8,90,0,1,1,0,0,0,0,0,0,0,2,33,36.4,20.8,2.0,5.9,9,1,5,14,1,0.00,0.07,0.07,0.82,13,True
9,0,0,0,0,0,0,0,0,0,0,0,0,0,0.0,0.0,0.0,0.0,0,0,0,0,0,0.00,0.00,0.00,0.00,0,False
10,0,0,0,0,0,0,0,0,0,0,0,0,0,0.0,0.0,0.0,0.0,0,0,0,0,0,0.00,0.00,0.00,0.00,0,False
11,0,0,0,0,0,0,0,0,0,0,0,0,0,0.0,0.0,0.0,0.0,0,0,0,0,0,0.00,0.00,0.00,0.00,0,False
12,0,0,0,0,0,0,0,0,0,0,0,0,0,0.0,0.0,0.0,0.0,0,0,0,0,0,0.00,0.00,0.00,0.00,0,False
13,0,0,0,0,0,0,0,0,0,0,0,0,0,0.0,0.0,0.0,0.0,0,0,0,0,0,0.00,0.00,0.00,0.00,0,False
14,0,0,0,0,0,0,0,0,0,0,0,0,0,0.0,0.0,0.0,0.0,0,0,0,0,0,0.00,0.00,0.00,0.00,0,False
15,0,0,0,0,0,0,0,0,0,0,0,0,0,0.0,0.0,0.0,0.0,0,0,0,0,0,0.00,0.00,0.00,0.00,0,False
16,90,1,0,1,0,0,0,0,0,0,0,1,25,34.0,1.1,27.0,6.2,2,1,1,4,1,0.12,0.01,0.13,0.82,9,False
17,0,0,0,0,0,0,0,0,0,0,0,0,0,0.0,0.0,0.0,0.0,0,0,0,0,0,0.00,0.00,0.00,0.00,0,False
18,0,0,0,0,0,0,0,0,0,0,0,0,0,0.0,0.0,0.0,0.0,0,0,0,0,0,0.00,0.00,0.00,0.00,0,False
19,59,0,0,0,0,0,0,0,0,0,0,0,0,0.0,0.3,4.0,0.2,1,2,0,3,1,0.07,0.00,0.07,0.55,1,False
20,30,0,0,0,0,0,0,0,0,0,0,0,-1,5.6,14.8,8.0,2.8,1,2,1,4,0,0.14,0.07,0.21,0.27,1,False
21,90,0,0,1,0,0,0,0,0,0,0,0,19,25.8,27.0,0.0,5.3,6,4,1,11,1,0.00,0.07,0.07,0.82,3,False
22,0,0,0,0,0,0,0,0,0,0,0,0,0,0.0,0.0,0.0,0.0,0,0,0,0,0,0.00,0.00,0.00,0.00,0,False
23,0,0,0,0,0,0,0,0,0,0,0,0,0,0.0,0.0,0.0,0.0,0,0,0,0,0,0.00,0.00,0.00,0.00,0,False
24,10,0,0,0,0,0,0,0,0,0,0,0,3,0.2,0.0,0.0,0.0,0,1,0,1,0,0.00,0.00,0.00,0.00,1,False
25,0,0,0,0,0,0,0,0,0,0,0,0,0,0.0,0.0,0.0,0.0,0,0,0,0,0,0.00,0.00,0.00,0.00,0,False
26,79,0,0,1,0,0,0,0,0,0,0,0,7,10.0,0.7,4.0,1.5,4,2,1,7,1,0.03,0.00,0.03,0.82,3,False
27,0,0,0,0,0,0,0,0,0,0,0,0,0,0.0,0.0,0.0,0.0,0,0,0,0,0,0.00,0.00,0.00,0.00,0,False
28,0,0,0,0,0,0,0,0,0,0,0,0,0,0.0,0.0,0.0,0.0,0,0,0,0,0,0.00,0.00,0.00,0.00,0,False
29,0,0,0,0,0,0,0,0,0,0,0,0,0,0.0,0.0,0.0,0.0,0,0,0,0,0,0.00,0.00,0.00,0.00,0,False
30,31,0,0,0,0,0,0,0,0,0,0,0,6,3.4,0.7,23.0,2.7,0,2,0,2,0,0.10,0.00,0.10,0.27,1,False
31,0,0,0,0,0,0,0,0,0,0,0,0,0,0.0,0.0,0.0,0.0,0,0,0,0,0,0.00,0.00,0.00,0.00,0,False
32,90,0,0,0,4,0,0,0,0,0,4,0,13,37.2,10.0,0.0,4.7,2,11,0,0,1,0.00,0.01,0.01,3.60,1,False
33,0,0,0,0,0,0,0,0,0,0,0,0,0,0.0,0.0,0.0,0.0,0,0,0,0,0,0.00,0.00,0.00,0.00,0,False
34,0,0,0,0,0,0,0,0,0,0,0,0,0,0.0,0.0,0.0,0.0,0,0,0,0,0,0.00,0.00,0.00,0.00,0,False
35,0,0,0,0,0,0,0,0,0,0,0,0,0,0.0,0.0,0.0,0.0,0,0,0,0,0,0.00,0.00,0.00,0.00,0,False
36,45,0,0,0,2,0,0,0,1,0,0,0,-12,1.8,0.5,0.0,0.2,1,2,0,1,1,0.00,0.00,0.00,2.17,-1,False
37,0,0,0,0,0,0,0,0,0,0,0,0,0,0.0,0.0,0.0,0.0,0,0,0,0,0,0.00,0.00,0.00,0.00,0,False
38,90,0,0,0,4,0,0,0,0,0,0,0,-3,17.0,0.8,0.0,1.8,5,2,0,5,1,0.00,0.00,0.00,3.60,0,False
39,90,0,0,0,4,0,0,0,0,0,0,0,1,17.0,12.7,2.0,3.2,7,3,2,9,1,0.00,0.02,0.02,3.60,0,False
40,90,0,0,0,4,0,0,0,0,0,0,0,0,14.8,1.9,0.0,1.7,3,3,1,4,1,0.00,0.02,0.02,3.60,0,False
41,0,0,0,0,0,0,0,0,0,0,0,0,0,0.0,0.0,0.0,0.0,0,0,0,0,0,0.00,0.00,0.00,0.00,0,False
42,0,0,0,0,0,0,0,0,0,0,0,0,0,0.0,0.0,0.0,0.0,0,0,0,0,0,0.00,0.00,0.00,0.00,0,False
43,0,0,0,0,0,0,0,0,0,0,0,0,0,0.0,0.0,0.0,0.0,0,0,0,0,0,0.00,0.00,0.00,0.00,0,False
44,45,0,0,0,2,0,0,0,0,0,0,0,-5,3.0,1.1,0.0,0.4,0,3,1,1,0,0.00,0.00,0.00,1.43,0,False
45,0,0,0,0,0,0,0,0,0,0,0,0,0,0.0,0.0,0.0,0.0,0,0,0,0,0,0.00,0.00,0.00,0.00,0,False
46,0,0,0,0,0,0,0,0,0,0,0,0,0,0.0,0.0,0.0,0.0,0,0,0,0,0,0.00,0.00,0.00,0.00,0,False
47,90,0,0,0,4,0,0,0,1,0,0,0,1,4.0,2.4,25.0,3.1,1,6,0,7,1,0.13,0.01,0.14,3.60,1,False
48,0,0,0,0,0,0,0,0,0,0,0,0,0,0.0,0.0,0.0,0.0,0,0,0,0,0,0.00,0.00,0.00,0.00,0,False
49,62,0,1,0,3,0,0,0,0,0,0,0,19,22.4,10.4,2.0,3.5,2,1,1,4,1,0.00,0.26,0.26,2.26,5,False
50,62,0,0,0,3,0,0,0,0,0,0,0,13,6.8,14.5,0.0,2.1,1,2,2,5,1,0.00,0.19,0.19,2.26,2,False
51,0,0,0,0,0,0,0,0,0,0,0,0,0,0.0,0.0,0.0,0.0,0,0,0,0,0,0.00,0.00,0.00,0.00,0,False
52,45,0,0,0,1,0,0,0,0,1,0,0,-3,2.0,1.6,0.0,0.4,0,3,4,7,1,0.00,0.01,0.01,0.61,-2,False
53,0,0,0,0,0,0,0,0,0,0,0,0,0,0.0,0.0,0.0,0.0,0,0,0,0,0,0.00,0.00,0.00,0.00,0,False
54,0,0,0,0,0,0,0,0,0,0,0,0,0,0.0,0.0,0.0,0.0,0,0,0,0,0,0.00,0.00,0.00,0.00,0,False
55,27,0,0,0,1,0,0,0,0,0,0,0,9,6.6,16.8,2.0,2.5,0,1,1,2,0,0.01,0.33,0.34,1.34,1,False
56,0,0,0,0,0,0,0,0,0,0,0,0,0,0.0,0.0,0.0,0.0,0,0,0,0,0,0.00,0.00,0.00,0.00,0,False
57,0,0,0,0,0,0,0,0,0,0,0,0,0,0.0,0.0,0.0,0.0,0,0,0,0,0,0.00,0.00,0.00,0.00,0,False
58,0,0,0,0,0,0,0,0,0,0,0,0,0,0.0,0.0,0.0,0.0,0,0,0,0,0,0.00,0.00,0.00,0.00,0,False
59,90,0,0,0,4,0,0,0,0,0,0,0,9,6.0,1.3,2.0,0.9,1,1,1,3,1,0.00,0.01,0.01,3.60,2,False
60,0,0,0,0,0,0,0,0,0,0,0,0,0,0.0,0.0,0.0,0.0,0,0,0,0,0,0.00,0.00,0.00,0.00,0,False
61,0,0,0,0,0,0,0,0,0,0,0,0,0,0.0,0.0,0.0,0.0,0,0,0,0,0,0.00,0.00,0.00,0.00,0,False
62,0,0,0,0,0,0,0,0,0,0,0,0,0,0.0,0.0,0.0,0.0,0,0,0,0,0,0.00,0.00,0.00,0.00,0,False
63,0,0,0,0,0,0,0,0,0,0,0,0,0,0.0,0.0,0.0,0.0,0,0,0,0,0,0.00,0.00,0.00,0.00,0,False
64,70,0,0,0,4,0,0,0,1,0,0,0,1,5.0,0.3,38.0,4.3,1,1,1,3,1,0.20,0.00,0.20,3.23,1,False
65,0,0,0,0,0,0,0,0,0,0,0,0,0,0.0,0.0,0.0,0.0,0,0,0,0,0,0.00,0.00,0.00,0.00,0,False
66,0,0,0,0,0,0,0,0,0,0,0,0,0,0.0,0.0,0.0,0.0,0,0,0,0,0,0.00,0.00,0.00,0.00,0,False
67,90,0,0,1,0,0,0,0,0,0,2,0,26,18.2,0.0,0.0,1.8,1,8,0,0,1,0.00,0.00,0.00,0.40,6,False
68,0,0,0,0,0,0,0,0,0,0,0,0,0,0.0,0.0,0.0,0.0,0,0,0,0,0,0.00,0.00,0.00,0.00,0,False
69,0,0,0,0,0,0,0,0,0,0,0,0,0,0.0,0.0,0.0,0.0,0,0,0,0,0,0.00,0.00,0.00,0.00,0,False
70,0,0,0,0,0,0,0,0,0,0,0,0,0,0.0,0.0,0.0,0.0,0,0,0,0,0,0.00,0.00,0.00,0.00,0,False
71,0,0,0,0,0,0,0,0,0,0,0,0,0,0.0,0.0,0.0,0.0,0,0,0,0,0,0.00,0.00,0.00,0.00,0,False
72,90,0,0,1,0,0,0,0,0,0,0,3,31,18.4,0.7,0.0,1.9,8,4,2,10,1,0.00,0.04,0.04,0.40,11,True
73,0,0,0,0,0,0,0,0,0,0,0,0,0,0.0,0.0,0.0,0.0,0,0,0,0,0,0.00,0.00,0.00,0.00,0,False
74,90,0,0,1,0,0,0,0,0,0,0,2,30,14.0,17.7,2.0,3.4,5,8,1,6,1,0.00,0.33,0.33,0.40,8,False
75,0,0,0,0,0,0,0,0,0,0,0,0,0,0.0,0.0,0.0,0.0,0,0,0,0,0,0.00,0.00,0.00,0.00,0,False
76,0,0,0,0,0,0,0,0,0,0,0,0,0,0.0,0.0,0.0,0.0,0,0,0,0,0,0.00,0.00,0.00,0.00,0,False
77,90,0,0,1,0,0,0,0,0,0,0,0,27,29.6,4.5,9.0,4.3,15,3,1,16,1,0.16,0.14,0.30,0.40,8,False
78,0,0,0,0,0,0,0,0,0,0,0,0,0,0.0,0.0,0.0,0.0,0,0,0,0,0,0.00,0.00,0.00,0.00,0,False
79,0,0,0,0,0,0,0,0,0,0,0,0,0,0.0,0.0,0.0,0.0,0,0,0,0,0,0.00,0.00,0.00,0.00,0,False
80,0,0,0,0,0,0,0,0,0,0,0,0,0,0.0,0.0,0.0,0.0,0,0,0,0,0,0.00,0.00,0.00,0.00,0,False
81,0,0,0,0,0,0,0,0,0,0,0,0,0,0.0,0.0,0.0,0.0,0,0,0,0,0,0.00,0.00,0.00,0.00,0,False
82,90,1,0,0,2,0,0,0,0,0,0,0,28,43.0,16.4,26.0,8.5,2,5,1,8,1,0.23,0.02,0.25,0.97,7,False
83,86,0,0,1,0,0,0,0,0,0,0,0,9,7.6,0.8,21.0,2.9,1,6,2,9,1,0.14,0.00,0.14,1.79,3,False
84,90,0,0,1,0,0,0,0,1,0,0,0,6,5.0,25.3,37.0,6.7,3,5,0,8,1,1.37,0.10,1.47,0.40,2,False
85,90,0,0,1,0,0,0,0,1,0,0,0,13,13.8,14.8,0.0,2.9,5,7,0,12,1,0.00,0.03,0.03,0.40,4,False
86,0,0,0,0,0,0,0,0,0,0,0,0,0,0.0,0.0,0.0,0.0,0,0,0,0,0,0.00,0.00,0.00,0.00,0,False
87,73,0,0,1,0,0,0,0,0,0,0,0,16,11.0,14.5,5.0,3.1,3,6,2,11,1,0.02,0.10,0.12,0.17,3,False
88,0,0,0,0,0,0,0,0,0,0,0,0,0,0.0,0.0,0.0,0.0,0,0,0,0,0,0.00,0.00,0.00,0.00,0,False
89,0,0,0,0,0,0,0,0,0,0,0,0,0,0.0,0.0,0.0,0.0,0,0,0,0,0,0.00,0.00,0.00,0.00,0,False
90,90,0,0,1,0,0,0,0,0,0,0,0,11,13.2,37.1,14.0,6.4,4,4,1,9,1,0.17,0.29,0.46,0.40,3,False
91,0,0,0,0,0,0,0,0,0,0,0,0,0,0.0,0.0,0.0,0.0,0,0,0,0,0,0.00,0.00,0.00,0.00,0,False
92,0,0,0,0,0,0,0,0,0,0,0,0,0,0.0,0.0,0.0,0.0,0,0,0,0,0,0.00,0.00,0.00,0.00,0,False
93,0,0,0,0,0,0,0,0,0,0,0,0,0,0.0,0.0,0.0,0.0,0,0,0,0,0,0.00,0.00,0.00,0.00,0,False
94,0,0,0,0,0,0,0,0,0,0,0,0,0,0.0,0.0,0.0,0.0,0,0,0,0,0,0.00,0.00,0.00,0.00,0,False
95,0,0,0,0,0,0,0,0,0,0,0,0,0,0.0,0.0,0.0,0.0,0,0,0,0,0,0.00,0.00,0.00,0.00,0,False
96,0,0,0,0,0,0,0,0,0,0,0,0,0,0.0,0.0,0.0,0.0,0,0,0,0,0,0.00,0.00,0.00,0.00,0,False
97,79,0,0,1,0,0,0,0,0,0,0,0,10,6.4,28.3,4.0,3.9,1,5,0,6,1,0.00,0.21,0.21,0.26,2,False
98,10,0,0,0,0,0,0,0,0,0,0,0,5,4.2,1.5,2.0,0.8,1,0,1,2,0,0.00,0.01,0.01,0.13,1,False
99,0,0,0,0,0,0,0,0,0,0,0,0,0,0.0,0.0,0.0,0.0,0,0,0,0,0,0.00,0.00,0.00,0.00,0,False
100,16,0,0,0,0,0,0,0,0,0,0,0,3,4.8,0.8,5.0,1.1,2,5,1,8,0,0.13,0.03,0.16,0.23,1,False
101,90,0,0,1,0,0,0,0,0,0,2,0,25,16.8,0.0,0.0,1.7,1,7,0,0,1,0.00,0.00,0.00,1.92,6,False
102,0,0,0,0,0,0,0,0,0,0,0,0,0,0.0,0.0,0.0,0.0,0,0,0,0,0,0.00,0.00,0.00,0.00,0,False
103,0,0,0,0,0,0,0,0,0,0,0,0,0,0.0,0.0,0.0,0.0,0,0,0,0,0,0.00,0.00,0.00,0.00,0,False
104,0,0,0,0,0,0,0,0,0,0,0,0,0,0.0,0.0,0.0,0.0,0,0,0,0,0,0.00,0.00,0.00,0.00,0,False
105,0,0,0,0,0,0,0,0,0,0,0,0,0,0.0,0.0,0.0,0.0,0,0,0,0,0,0.00,0.00,0.00,0.00,0,False
106,90,0,0,1,0,0,0,0,0,0,0,0,23,15.4,1.4,8.0,2.5,5,3,0,5,1,0.00,0.14,0.14,1.92,6,False
107,3,0,0,0,0,0,0,0,0,0,0,0,4,0.2,0.0,0.0,0.0,0,2,0,0,0,0.00,0.00,0.00,0.13,1,False
108,69,0,0,1,0,0,0,0,0,0,0,0,18,11.6,0.1,4.0,1.6,3,1,3,6,0,0.00,0.00,0.00,1.92,6,False
109,20,0,0,0,0,0,0,0,0,0,0,0,4,2.2,0.3,0.0,0.3,1,1,0,1,1,0.00,0.00,0.00,0.00,1,False
110,90,0,0,1,0,0,0,0,0,0,0,0,27,10.8,1.8,0.0,1.3,3,7,2,5,1,0.00,0.02,0.02,1.92,6,False
111,0,0,0,0,0,0,0,0,0,0,0,0,0,0.0,0.0,0.0,0.0,0,0,0,0,0,0.00,0.00,0.00,0.00,0,False
112,0,0,0,0,0,0,0,0,0,0,0,0,0,0.0,0.0,0.0,0.0,0,0,0,0,0,0.00,0.00,0.00,0.00,0,False
113,90,0,0,1,0,0,0,0,0,0,0,0,25,16.8,0.5,17.0,3.4,7,6,0,7,1,0.10,0.01,0.11,1.92,6,False
114,0,0,0,0,0,0,0,0,0,0,0,0,0,0.0,0.0,0.0,0.0,0,0,0,0,0,0.00,0.00,0.00,0.00,0,False
115,0,0,0,0,0,0,0,0,0,0,0,0,0,0.0,0.0,0.0,0.0,0,0,0,0,0,0.00,0.00,0.00,0.00,0,False
116,0,0,0,0,0,0,0,0,0,0,0,0,0,0.0,0.0,0.0,0.0,0,0,0,0,0,0.00,0.00,0.00,0.00,0,False
117,0,0,0,0,0,0,0,0,0,0,0,0,0,0.0,0.0,0.0,0.0,0,0,0,0,0,0.00,0.00,0.00,0.00,0,False
118,0,0,0,0,0,0,0,0,0,0,0,0,0,0.0,0.0,0.0,0.0,0,0,0,0,0,0.00,0.00,0.00,0.00,0,False
119,76,0,0,0,1,0,0,0,1,0,0,0,-3,0.0,13.2,18.0,3.1,1,2,2,5,1,0.33,0.06,0.39,1.85,1,False
120,90,0,0,1,0,0,0,0,0,0,0,0,2,2.2,16.4,11.0,3.0,0,3,0,3,1,0.13,0.07,0.20,1.92,3,False
121,90,0,0,1,0,0,0,0,0,0,0,0,9,12.2,13.9,4.0,3.0,3,5,2,10,1,0.00,0.03,0.03,1.92,3,False
122,0,0,0,0,0,0,0,0,0,0,0,0,0,0.0,0.0,0.0,0.0,0,0,0,0,0,0.00,0.00,0.00,0.00,0,False
123,0,0,0,0,0,0,0,0,0,0,0,0,0,0.0,0.0,0.0,0.0,0,0,0,0,0,0.00,0.00,0.00,0.00,0,False
124,61,0,0,1,0,0,0,0,0,0,0,0,14,7.2,3.8,0.0,1.1,4,4,1,9,1,0.00,0.01,0.01,1.70,3,False
125,0,0,0,0,0,0,0,0,0,0,0,0,0,0.0,0.0,0.0,0.0,0,0,0,0,0,0.00,0.00,0.00,0.00,0,False
126,90,0,0,1,0,0,0,0,1,0,0,0,20,27.2,31.8,2.0,6.1,7,8,3,18,1,0.02,0.26,0.28,1.92,4,False
127,0,0,0,0,0,0,0,0,0,0,0,0,0,0.0,0.0,0.0,0.0,0,0,0,0,0,0.00,0.00,0.00,0.00,0,False
128,0,0,0,0,0,0,0,0,0,0,0,0,0,0.0,0.0,0.0,0.0,0,0,0,0,0,0.00,0.00,0.00,0.00,0,False
129,28,0,0,0,0,0,0,0,0,0,0,0,3,3.8,2.3,0.0,0.6,1,2,0,3,0,0.00,0.01,0.01,0.23,1,False
130,0,0,0,0,0,0,0,0,0,0,0,0,0,0.0,0.0,0.0,0.0,0,0,0,0,0,0.00,0.00,0.00,0.00,0,False
131,0,0,0,0,0,0,0,0,0,0,0,0,0,0.0,0.0,0.0,0.0,0,0,0,0,0,0.00,0.00,0.00,0.00,0,False
132,0,0,0,0,0,0,0,0,0,0,0,0,0,0.0,0.0,0.0,0.0,0,0,0,0,0,0.00,0.00,0.00,0.00,0,False
133,0,0,0,0,0,0,0,0,0,0,0,0,0,0.0,0.0,0.0,0.0,0,0,0,0,0,0.00,0.00,0.00,0.00,0,False
134,0,0,0,0,0,0,0,0,0,0,0,0,0,0.0,0.0,0.0,0.0,0,0,0,0,0,0.00,0.00,0.00,0.00,0,False
135,0,0,0,0,0,0,0,0,0,0,0,0,0,0.0,0.0,0.0,0.0,0,0,0,0,0,0.00,0.00,0.00,0.00,0,False
136,90,0,0,1,0,0,0,0,0,0,0,0,11,9.0,15.3,2.0,2.6,2,5,1,8,1,0.00,0.04,0.04,1.92,2,False
137,0,0,0,0,0,0,0,0,0,0,0,0,0,0.0,0.0,0.0,0.0,0,0,0,0,0,0.00,0.00,0.00,0.00,0,False
138,0,0,0,0,0,0,0,0,0,0,0,0,0,0.0,0.0,0.0,0.0,0,0,0,0,0,0.00,0.00,0.00,0.00,0,False
139,90,0,0,0,1,0,0,0,0,0,1,0,5,7.6,0.0,0.0,0.8,1,5,0,0,1,0.00,0.00,0.00,0.47,2,False
140,0,0,0,0,0,0,0,0,0,0,0,0,0,0.0,0.0,0.0,0.0,0,0,0,0,0,0.00,0.00,0.00,0.00,0,False
141,0,0,0,0,0,0,0,0,0,0,0,0,0,0.0,0.0,0.0,0.0,0,0,0,0,0,0.00,0.00,0.00,0.00,0,False
142,0,0,0,0,0,0,0,0,0,0,0,0,0,0.0,0.0,0.0,0.0,0,0,0,0,0,0.00,0.00,0.00,0.00,0,False
143,90,0,0,0,1,0,0,0,1,0,0,0,10,20.2,7.8,0.0,2.8,6,7,2,8,1,0.00,0.07,0.07,0.47,1,False
144,0,0,0,0,0,0,0,0,0,0,0,0,0,0.0,0.0,0.0,0.0,0,0,0,0,0,0.00,0.00,0.00,0.00,0,False
145,0,0,0,0,0,0,0,0,0,0,0,0,0,0.0,0.0,0.0,0.0,0,0,0,0,0,0.00,0.00,0.00,0.00,0,False
146,0,0,0,0,0,0,0,0,0,0,0,0,0,0.0,0.0,0.0,0.0,0,0,0,0,0,0.00,0.00,0.00,0.00,0,False
147,0,0,0,0,0,0,0,0,0,0,0,0,0,0.0,0.0,0.0,0.0,0,0,0,0,0,0.00,0.00,0.00,0.00,0,False
148,90,0,0,0,1,0,0,0,1,0,0,0,6,8.4,4.9,6.0,1.9,4,3,0,4,1,0.00,0.03,0.03,0.47,1,False
149,0,0,0,0,0,0,0,0,0,0,0,0,0,0.0,0.0,0.0,0.0,0,0,0,0,0,0.00,0.00,0.00,0.00,0,False
150,0,0,0,0,0,0,0,0,0,0,0,0,0,0.0,0.0,0.0,0.0,0,0,0,0,0,0.00,0.00,0.00,0.00,0,False
151,90,0,0,0,1,0,0,0,0,0,0,0,15,29.0,30.7,2.0,6.2,5,1,4,9,1,0.00,0.17,0.17,0.47,2,False
152,13,0,0,0,0,0,0,0,0,0,0,0,4,5.8,0.3,0.0,0.6,3,0,0,3,0,0.00,0.00,0.00,0.04,1,False
153,0,0,0,0,0,0,0,0,0,0,0,0,0,0.0,0.0,0.0,0.0,0,0,0,0,0,0.00,0.00,0.00,0.00,0,False
154,0,0,0,0,0,0,0,0,0,0,0,0,0,0.0,0.0,0.0,0.0,0,0,0,0,0,0.00,0.00,0.00,0.00,0,False
155,0,0,0,0,0,0,0,0,0,0,0,0,0,0.0,0.0,0.0,0.0,0,0,0,0,0,0.00,0.00,0.00,0.00,0,False
156,0,0,0,0,0,0,0,0,0,0,0,0,0,0.0,0.0,0.0,0.0,0,0,0,0,0,0.00,0.00,0.00,0.00,0,False
157,45,0,0,0,1,0,0,0,0,0,0,0,4,0.6,1.4,7.0,0.9,1,0,1,2,1,0.06,0.01,0.07,0.01,1,False
158,90,0,0,0,1,0,0,0,0,0,0,0,19,20.4,23.8,18.0,6.2,3,7,3,13,1,0.21,0.14,0.35,0.47,4,False
159,0,0,0,0,0,0,0,0,0,0,0,0,0,0.0,0.0,0.0,0.0,0,0,0,0,0,0.00,0.00,0.00,0.00,0,False
160,45,0,0,0,0,0,0,0,0,0,0,0,9,11.4,16.2,10.0,3.8,2,2,1,5,0,0.00,0.02,0.02,0.45,1,False
161,0,0,0,0,0,0,0,0,0,0,0,0,0,0.0,0.0,0.0,0.0,0,0,0,0,0,0.00,0.00,0.00,0.00,0,False
162,0,0,0,0,0,0,0,0,0,0,0,0,0,0.0,0.0,0.0,0.0,0,0,0,0,0,0.00,0.00,0.00,0.00,0,False
163,68,0,0,0,1,0,0,0,0,0,0,0,1,0.0,13.0,17.0,2.6,0,1,0,1,1,0.26,0.00,0.26,0.29,2,False
164,0,0,0,0,0,0,0,0,0,0,0,0,0,0.0,0.0,0.0,0.0,0,0,0,0,0,0.00,0.00,0.00,0.00,0,False
165,0,0,0,0,0,0,0,0,0,0,0,0,0,0.0,0.0,0.0,0.0,0,0,0,0,0,0.00,0.00,0.00,0.00,0,False
166,12,0,0,0,0,0,0,0,1,0,0,0,-3,0.2,0.6,0.0,0.1,1,1,0,2,0,0.00,0.00,0.00,0.04,0,False
167,77,0,0,0,1,0,0,0,0,0,0,0,4,5.4,2.8,4.0,1.2,4,6,0,10,1,0.20,0.01,0.21,0.43,2,False
168,0,0,0,0,0,0,0,0,0,0,0,0,0,0.0,0.0,0.0,0.0,0,0,0,0,0,0.00,0.00,0.00,0.00,0,False
169,76,0,0,0,1,0,0,0,1,0,0,0,9,8.8,13.3,10.0,3.2,1,3,5,9,1,0.00,0.03,0.03,0.43,1,False
170,0,0,0,0,0,0,0,0,0,0,0,0,0,0.0,0.0,0.0,0.0,0,0,0,0,0,0.00,0.00,0.00,0.00,0,False
171,0,0,0,0,0,0,0,0,0,0,0,0,0,0.0,0.0,0.0,0.0,0,0,0,0,0,0.00,0.00,0.00,0.00,0,False
172,0,0,0,0,0,0,0,0,0,0,0,0,0,0.0,0.0,0.0,0.0,0,0,0,0,0,0.00,0.00,0.00,0.00,0,False
173,76,0,0,0,1,0,0,0,0,0,0,0,20,21.0,2.3,21.0,4.4,7,4,3,14,1,0.08,0.01,0.09,0.43,4,False
174,0,0,0,0,0,0,0,0,0,0,0,0,0,0.0,0.0,0.0,0.0,0,0,0,0,0,0.00,0.00,0.00,0.00,0,False
175,0,0,0,0,0,0,0,0,0,0,0,0,0,0.0,0.0,0.0,0.0,0,0,0,0,0,0.00,0.00,0.00,0.00,0,False
176,0,0,0,0,0,0,0,0,0,0,0,0,0,0.0,0.0,0.0,0.0,0,0,0,0,0,0.00,0.00,0.00,0.00,0,False
177,0,0,0,0,0,0,0,0,0,0,0,0,0,0.0,0.0,0.0,0.0,0,0,0,0,0,0.00,0.00,0.00,0.00,0,False
178,21,0,0,0,0,0,0,0,0,0,0,0,2,0.0,0.1,2.0,0.1,0,0,0,0,0,0.00,0.00,0.00,0.18,1,False
179,0,0,0,0,0,0,0,0,0,0,0,0,0,0.0,0.0,0.0,0.0,0,0,0,0,0,0.00,0.00,0.00,0.00,0,False
180,0,0,0,0,0,0,0,0,0,0,0,0,0,0.0,0.0,0.0,0.0,0,0,0,0,0,0.00,0.00,0.00,0.00,0,False
181,0,0,0,0,0,0,0,0,0,0,0,0,0,0.0,0.0,0.0,0.0,0,0,0,0,0,0.00,0.00,0.00,0.00,0,False
182,0,0,0,0,0,0,0,0,0,0,0,0,0,0.0,0.0,0.0,0.0,0,0,0,0,0,0.00,0.00,0.00,0.00,0,False
183,0,0,0,0,0,0,0,0,0,0,0,0,0,0.0,0.0,0.0,0.0,0,0,0,0,0,0.00,0.00,0.00,0.00,0,False
184,0,0,0,0,0,0,0,0,0,0,0,0,0,0.0,0.0,0.0,0.0,0,0,0,0,0,0.00,0.00,0.00,0.00,0,False
185,0,0,0,0,0,0,0,0,0,0,0,0,0,0.0,0.0,0.0,0.0,0,0,0,0,0,0.00,0.00,0.00,0.00,0,False
186,0,0,0,0,0,0,0,0,0,0,0,0,0,0.0,0.0,0.0,0.0,0,0,0,0,0,0.00,0.00,0.00,0.00,0,False
187,90,0,0,0,2,0,0,0,0,0,0,0,12,20.2,3.6,0.0,2.4,8,5,4,12,1,0.00,0.01,0.01,1.30,3,False
188,0,0,0,0,0,0,0,0,0,0,0,0,0,0.0,0.0,0.0,0.0,0,0,0,0,0,0.00,0.00,0.00,0.00,0,False
189,0,0,0,0,0,0,0,0,0,0,0,0,0,0.0,0.0,0.0,0.0,0,0,0,0,0,0.00,0.00,0.00,0.00,0,False
190,0,0,0,0,0,0,0,0,0,0,0,0,0,0.0,0.0,0.0,0.0,0,0,0,0,0,0.00,0.00,0.00,0.00,0,False
191,90,0,0,0,2,0,0,0,0,0,0,0,6,16.4,0.9,0.0,1.7,8,4,0,8,1,0.00,0.00,0.00,1.30,1,False
192,0,0,0,0,0,0,0,0,0,0,0,0,0,0.0,0.0,0.0,0.0,0,0,0,0,0,0.00,0.00,0.00,0.00,0,False
193,90,0,0,0,2,0,0,0,1,0,0,0,5,14.6,1.8,0.0,1.6,6,3,2,8,1,0.00,0.01,0.01,1.30,0,False
194,0,0,0,0,0,0,0,0,0,0,0,0,0,0.0,0.0,0.0,0.0,0,0,0,0,0,0.00,0.00,0.00,0.00,0,False
195,90,0,0,0,2,0,0,0,0,0,0,0,10,11.4,33.0,5.0,4.9,2,7,0,2,1,0.02,0.01,0.03,1.30,1,False
196,0,0,0,0,0,0,0,0,0,0,0,0,0,0.0,0.0,0.0,0.0,0,0,0,0,0,0.00,0.00,0.00,0.00,0,False
197,0,0,0,0,0,0,0,0,0,0,0,0,0,0.0,0.0,0.0,0.0,0,0,0,0,0,0.00,0.00,0.00,0.00,0,False
198,0,0,0,0,0,0,0,0,0,0,0,0,0,0.0,0.0,0.0,0.0,0,0,0,0,0,0.00,0.00,0.00,0.00,0,False
199,56,0,0,0,1,0,0,0,0,0,0,0,6,30.2,0.3,2.0,3.3,10,1,1,11,1,0.00,0.00,0.00,0.81,3,False
200,90,0,0,0,2,0,0,0,0,0,0,0,13,8.4,17.7,10.0,3.6,1,10,2,13,1,0.06,0.02,0.08,1.30,4,False
201,0,0,0,0,0,0,0,0,0,0,0,0,0,0.0,0.0,0.0,0.0,0,0,0,0,0,0.00,0.00,0.00,0.00,0,False
202,0,0,0,0,0,0,0,0,0,0,0,0,0,0.0,0.0,0.0,0.0,0,0,0,0,0,0.00,0.00,0.00,0.00,0,False
203,0,0,0,0,0,0,0,0,0,0,0,0,0,0.0,0.0,0.0,0.0,0,0,0,0,0,0.00,0.00,0.00,0.00,0,False
204,0,0,0,0,0,0,0,0,0,0,0,0,0,0.0,0.0,0.0,0.0,0,0,0,0,0,0.00,0.00,0.00,0.00,0,False
205,0,0,0,0,0,0,0,0,0,0,0,0,0,0.0,0.0,0.0,0.0,0,0,0,0,0,0.00,0.00,0.00,0.00,0,False
206,0,0,0,0,0,0,0,0,0,0,0,0,0,0.0,0.0,0.0,0.0,0,0,0,0,0,0.00,0.00,0.00,0.00,0,False
207,71,0,0,0,2,0,0,0,0,0,0,0,7,9.2,3.8,4.0,1.7,2,1,5,8,1,0.00,0.02,0.02,1.22,2,False
208,0,0,0,0,0,0,0,0,0,0,0,0,0,0.0,0.0,0.0,0.0,0,0,0,0,0,0.00,0.00,0.00,0.00,0,False
209,18,0,0,0,0,0,0,0,0,0,0,0,3,1.4,2.3,0.0,0.4,0,3,1,4,0,0.00,0.00,0.00,0.09,1,False
210,33,0,0,0,1,0,0,0,0,0,0,0,3,0.8,1.3,0.0,0.2,0,0,0,0,0,0.00,0.02,0.02,0.50,1,False
211,0,0,0,0,0,0,0,0,0,0,0,0,0,0.0,0.0,0.0,0.0,0,0,0,0,0,0.00,0.00,0.00,0.00,0,False
212,0,0,0,0,0,0,0,0,0,0,0,0,0,0.0,0.0,0.0,0.0,0,0,0,0,0,0.00,0.00,0.00,0.00,0,False
213,0,0,0,0,0,0,0,0,0,0,0,0,0,0.0,0.0,0.0,0.0,0,0,0,0,0,0.00,0.00,0.00,0.00,0,False
214,0,0,0,0,0,0,0,0,0,0,0,0,0,0.0,0.0,0.0,0.0,0,0,0,0,0,0.00,0.00,0.00,0.00,0,False
215,0,0,0,0,0,0,0,0,0,0,0,0,0,0.0,0.0,0.0,0.0,0,0,0,0,0,0.00,0.00,0.00,0.00,0,False
216,0,0,0,0,0,0,0,0,0,0,0,0,0,0.0,0.0,0.0,0.0,0,0,0,0,0,0.00,0.00,0.00,0.00,0,False
217,90,0,0,0,2,0,0,0,0,0,0,0,5,5.2,5.8,43.0,5.4,3,3,0,6,1,0.71,0.01,0.72,1.30,2,False
218,7,0,0,0,0,0,0,0,0,0,0,0,2,0.0,0.3,2.0,0.2,0,0,0,0,0,0.00,0.00,0.00,0.00,1,False
219,0,0,0,0,0,0,0,0,0,0,0,0,0,0.0,0.0,0.0,0.0,0,0,0,0,0,0.00,0.00,0.00,0.00,0,False
220,0,0,0,0,0,0,0,0,0,0,0,0,0,0.0,0.0,0.0,0.0,0,0,0,0,0,0.00,0.00,0.00,0.00,0,False
221,90,0,0,0,1,0,0,0,0,0,3,0,17,31.4,0.0,0.0,3.1,1,9,0,0,1,0.00,0.00,0.00,0.78,3,False
222,0,0,0,0,0,0,0,0,0,0,0,0,0,0.0,0.0,0.0,0.0,0,0,0,0,0,0.00,0.00,0.00,0.00,0,False
223,0,0,0,0,0,0,0,0,0,0,0,0,0,0.0,0.0,0.0,0.0,0,0,0,0,0,0.00,0.00,0.00,0.00,0,False
224,11,0,0,0,0,0,0,0,0,0,0,0,7,4.4,10.3,0.0,1.5,1,0,0,1,0,0.00,0.15,0.15,0.34,1,False
225,90,0,0,0,1,0,0,0,0,0,0,0,12,10.8,9.4,9.0,2.9,3,3,1,4,1,0.04,0.02,0.06,0.78,2,False
226,90,0,0,0,1,0,0,0,0,0,0,0,11,11.6,0.4,0.0,1.2,5,2,1,6,1,0.00,0.00,0.00,0.78,2,False
227,0,0,0,0,0,0,0,0,0,0,0,0,0,0.0,0.0,0.0,0.0,0,0,0,0,0,0.00,0.00,0.00,0.00,0,False
228,74,0,1,0,1,0,0,0,0,0,0,0,20,23.2,13.3,6.0,4.3,1,4,2,3,1,0.00,0.47,0.47,0.44,5,False
229,0,0,0,0,0,0,0,0,0,0,0,0,0,0.0,0.0,0.0,0.0,0,0,0,0,0,0.00,0.00,0.00,0.00,0,False
230,78,0,0,0,1,0,0,0,0,0,0,0,7,4.8,0.5,12.0,1.7,3,1,0,3,1,0.25,0.00,0.25,0.44,2,False
231,0,0,0,0,0,0,0,0,0,0,0,0,0,0.0,0.0,0.0,0.0,0,0,0,0,0,0.00,0.00,0.00,0.00,0,False
232,11,0,0,0,0,0,0,0,0,0,0,0,4,5.0,0.0,0.0,0.5,2,0,0,2,0,0.00,0.00,0.00,0.34,1,False
233,0,0,0,0,0,0,0,0,0,0,0,0,0,0.0,0.0,0.0,0.0,0,0,0,0,0,0.00,0.00,0.00,0.00,0,False
234,0,0,0,0,0,0,0,0,0,0,0,0,0,0.0,0.0,0.0,0.0,0,0,0,0,0,0.00,0.00,0.00,0.00,0,False
235,84,1,0,0,1,0,0,0,0,0,0,2,38,47.8,29.0,30.0,10.7,3,7,1,11,1,0.15,0.28,0.43,0.53,9,False
236,0,0,0,0,0,0,0,0,0,0,0,0,0,0.0,0.0,0.0,0.0,0,0,0,0,0,0.00,0.00,0.00,0.00,0,False
237,78,0,1,0,1,0,0,0,1,0,0,0,29,26.4,28.3,17.0,7.2,0,8,2,10,1,0.04,0.47,0.51,0.44,4,False
238,0,0,0,0,0,0,0,0,0,0,0,0,0,0.0,0.0,0.0,0.0,0,0,0,0,0,0.00,0.00,0.00,0.00,0,False
239,0,0,0,0,0,0,0,0,0,0,0,0,0,0.0,0.0,0.0,0.0,0,0,0,0,0,0.00,0.00,0.00,0.00,0,False
240,0,0,0,0,0,0,0,0,0,0,0,0,0,0.0,0.0,0.0,0.0,0,0,0,0,0,0.00,0.00,0.00,0.00,0,False
241,90,0,0,0,1,0,0,0,0,0,0,0,14,11.2,2.3,0.0,1.4,2,3,0,5,1,0.00,0.02,0.02,0.78,2,False
242,90,1,0,1,0,0,0,0,0,0,0,1,36,39.4,7.3,36.0,8.3,1,5,2,8,1,0.60,0.03,0.63,0.79,9,False
243,3,0,0,0,0,0,0,0,0,0,0,0,3,0.0,0.3,0.0,0.0,0,2,0,2,0,0.00,0.00,0.00,0.71,1,False
244,15,0,0,0,0,0,0,0,0,0,0,0,2,2.2,1.5,0.0,0.4,1,0,0,1,0,0.00,0.00,0.00,0.34,1,False
245,0,0,0,0,0,0,0,0,0,0,0,0,0,0.0,0.0,0.0,0.0,0,0,0,0,0,0.00,0.00,0.00,0.00,0,False
246,5,0,0,0,0,0,0,0,0,0,0,0,3,2.0,1.0,0.0,0.3,1,0,0,1,0,0.00,0.00,0.00,0.25,1,False
247,0,0,0,0,0,0,0,0,0,0,0,0,0,0.0,0.0,0.0,0.0,0,0,0,0,0,0.00,0.00,0.00,0.00,0,False
248,0,0,0,0,0,0,0,0,0,0,0,0,0,0.0,0.0,0.0,0.0,0,0,0,0,0,0.00,0.00,0.00,0.00,0,False
249,84,3,1,0,1,0,0,0,1,0,0,3,92,118.6,10.8,110.0,23.9,0,1,2,3,1,2.61,0.00,2.61,0.53,19,True
250,5,0,0,0,0,0,0,0,0,0,0,0,2,0.0,3.0,0.0,0.2,0,1,0,1,0,0.00,0.00,0.00,0.25,1,False
251,0,0,0,0,0,0,0,0,0,0,0,0,0,0.0,0.0,0.0,0.0,0,0,0,0,0,0.00,0.00,0.00,0.00,0,False
252,0,0,0,0,0,0,0,0,0,0,0,0,0,0.0,0.0,0.0,0.0,0,0,0,0,0,0.00,0.00,0.00,0.00,0,False
253,90,0,0,0,1,0,0,0,0,0,3,0,13,27.4,0.0,0.0,2.7,3,4,0,0,1,0.00,0.00,0.00,1.58,3,False
254,0,0,0,0,0,0,0,0,0,0,0,0,0,0.0,0.0,0.0,0.0,0,0,0,0,0,0.00,0.00,0.00,0.00,0,False
255,0,0,0,0,0,0,0,0,0,0,0,0,0,0.0,0.0,0.0,0.0,0,0,0,0,0,0.00,0.00,0.00,0.00,0,False
256,13,0,0,0,0,0,0,0,0,0,0,0,3,2.4,0.1,5.0,0.8,1,1,1,2,1,0.05,0.00,0.05,0.04,1,False
257,0,0,0,0,0,0,0,0,0,0,0,0,0,0.0,0.0,0.0,0.0,0,0,0,0,0,0.00,0.00,0.00,0.00,0,False
258,90,0,0,0,1,0,0,0,0,0,0,0,6,12.0,0.6,0.0,1.3,2,5,4,6,1,0.00,0.00,0.00,1.58,2,False
259,0,0,0,0,0,0,0,0,0,0,0,0,0,0.0,0.0,0.0,0.0,0,0,0,0,0,0.00,0.00,0.00,0.00,0,False
260,90,0,0,0,2,0,0,0,0,0,0,0,4,15.2,5.3,7.0,2.8,3,4,0,3,1,0.24,0.02,0.26,0.97,1,False
261,90,0,0,0,1,0,0,0,0,0,0,0,15,40.2,5.7,4.0,5.0,13,1,2,15,1,0.00,0.04,0.04,1.58,4,False
262,90,0,0,0,1,0,0,0,0,0,0,0,15,18.0,2.6,2.0,2.3,4,2,3,7,1,0.00,0.02,0.02,1.58,2,False
263,76,0,0,0,1,0,0,0,1,0,0,0,-1,6.2,7.2,2.0,1.5,3,1,2,5,0,0.00,0.04,0.04,1.54,1,False
264,0,0,0,0,0,0,0,0,0,0,0,0,0,0.0,0.0,0.0,0.0,0,0,0,0,0,0.00,0.00,0.00,0.00,0,False
265,0,0,0,0,0,0,0,0,0,0,0,0,0,0.0,0.0,0.0,0.0,0,0,0,0,0,0.00,0.00,0.00,0.00,0,False
266,90,0,0,1,0,0,0,0,0,0,0,0,11,5.2,11.0,0.0,1.6,1,4,1,6,1,0.00,0.07,0.07,0.82,3,False
267,90,2,0,0,1,0,0,0,0,0,0,3,42,75.8,1.4,44.0,12.1,3,1,1,5,1,1.16,0.01,1.17,1.58,15,True
268,0,0,0,0,0,0,0,0,0,0,0,0,0,0.0,0.0,0.0,0.0,0,0,0,0,0,0.00,0.00,0.00,0.00,0,False
269,0,0,0,0,0,0,0,0,0,0,0,0,0,0.0,0.0,0.0,0.0,0,0,0,0,0,0.00,0.00,0.00,0.00,0,False
270,9,0,0,0,0,0,0,0,0,0,0,0,5,2.4,0.6,0.0,0.3,0,1,1,2,0,0.00,0.00,0.00,0.22,1,False
271,90,0,0,0,1,0,0,0,0,0,0,0,14,8.4,8.6,4.0,2.1,0,2,4,6,1,0.00,0.03,0.03,1.58,2,False
272,0,0,0,0,0,0,0,0,0,0,0,0,0,0.0,0.0,0.0,0.0,0,0,0,0,0,0.00,0.00,0.00,0.00,0,False
273,80,0,2,0,1,0,0,0,0,0,0,2,40,49.6,31.3,23.0,10.4,2,4,3,9,1,0.12,0.59,0.71,1.36,10,True
274,0,0,0,0,0,0,0,0,0,0,0,0,0,0.0,0.0,0.0,0.0,0,0,0,0,0,0.00,0.00,0.00,0.00,0,False
275,0,0,0,0,0,0,0,0,0,0,0,0,0,0.0,0.0,0.0,0.0,0,0,0,0,0,0.00,0.00,0.00,0.00,0,False
276,0,0,0,0,0,0,0,0,0,0,0,0,0,0.0,0.0,0.0,0.0,0,0,0,0,0,0.00,0.00,0.00,0.00,0,False
277,0,0,0,0,0,0,0,0,0,0,0,0,0,0.0,0.0,0.0,0.0,0,0,0,0,0,0.00,0.00,0.00,0.00,0,False
278,0,0,0,0,0,0,0,0,0,0,0,0,0,0.0,0.0,0.0,0.0,0,0,0,0,0,0.00,0.00,0.00,0.00,0,False
279,0,0,0,0,0,0,0,0,0,0,0,0,0,0.0,0.0,0.0,0.0,0,0,0,0,0,0.00,0.00,0.00,0.00,0,False
280,0,0,0,0,0,0,0,0,0,0,0,0,0,0.0,0.0,0.0,0.0,0,0,0,0,0,0.00,0.00,0.00,0.00,0,False
281,0,0,0,0,0,0,0,0,0,0,0,0,0,0.0,0.0,0.0,0.0,0,0,0,0,0,0.00,0.00,0.00,0.00,0,False
282,0,0,0,0,0,0,0,0,0,0,0,0,0,0.0,0.0,0.0,0.0,0,0,0,0,0,0.00,0.00,0.00,0.00,0,False
283,0,0,0,0,0,0,0,0,0,0,0,0,0,0.0,0.0,0.0,0.0,0,0,0,0,0,0.00,0.00,0.00,0.00,0,False
284,0,0,0,0,0,0,0,0,0,0,0,0,0,0.0,0.0,0.0,0.0,0,0,0,0,0,0.00,0.00,0.00,0.00,0,False
285,0,0,0,0,0,0,0,0,0,0,0,0,0,0.0,0.0,0.0,0.0,0,0,0,0,0,0.00,0.00,0.00,0.00,0,False
286,0,0,0,0,0,0,0,0,0,0,0,0,0,0.0,0.0,0.0,0.0,0,0,0,0,0,0.00,0.00,0.00,0.00,0,False
287,90,0,0,1,0,0,0,0,0,0,2,0,29,17.6,0.0,0.0,1.8,0,8,0,0,1,0.00,0.00,0.00,0.79,6,False
288,0,0,0,0,0,0,0,0,0,0,0,0,0,0.0,0.0,0.0,0.0,0,0,0,0,0,0.00,0.00,0.00,0.00,0,False
289,0,0,0,0,0,0,0,0,0,0,0,0,0,0.0,0.0,0.0,0.0,0,0,0,0,0,0.00,0.00,0.00,0.00,0,False
290,82,0,0,1,0,0,0,0,0,0,0,0,28,14.8,2.1,17.0,3.4,3,0,1,4,1,0.06,0.01,0.07,0.08,6,False
291,90,1,0,1,0,0,0,0,0,0,0,3,42,45.2,0.8,19.0,6.5,3,2,1,4,1,0.13,0.01,0.14,0.79,15,True
292,90,0,0,1,0,0,0,0,0,0,0,0,30,19.0,5.8,0.0,2.5,7,6,1,8,1,0.00,0.04,0.04,0.79,6,False
293,90,0,0,1,0,0,0,0,0,0,0,0,29,11.2,2.4,0.0,1.4,1,0,3,4,1,0.00,0.01,0.01,0.79,6,False
294,0,0,0,0,0,0,0,0,0,0,0,0,0,0.0,0.0,0.0,0.0,0,0,0,0,0,0.00,0.00,0.00,0.00,0,False
295,7,0,0,0,0,0,0,0,0,0,0,0,8,9.0,0.0,0.0,0.9,6,1,1,7,0,0.00,0.00,0.00,0.71,1,False
296,0,0,0,0,0,0,0,0,0,0,0,0,0,0.0,0.0,0.0,0.0,0,0,0,0,0,0.00,0.00,0.00,0.00,0,False
297,0,0,0,0,0,0,0,0,0,0,0,0,0,0.0,0.0,0.0,0.0,0,0,0,0,0,0.00,0.00,0.00,0.00,0,False
298,0,0,0,0,0,0,0,0,0,0,0,0,0,0.0,0.0,0.0,0.0,0,0,0,0,0,0.00,0.00,0.00,0.00,0,False
299,90,0,1,1,0,0,0,0,0,0,0,0,23,23.2,24.3,8.0,5.6,2,6,0,8,1,0.04,0.42,0.46,0.12,6,False
300,86,0,0,1,0,0,0,0,0,0,0,0,15,10.2,17.5,28.0,5.6,2,10,1,13,1,0.11,0.07,0.18,0.08,5,False
301,0,0,0,0,0,0,0,0,0,0,0,0,0,0.0,0.0,0.0,0.0,0,0,0,0,0,0.00,0.00,0.00,0.00,0,False
302,86,0,0,1,0,0,0,0,0,0,0,0,12,3.8,8.8,6.0,1.9,2,4,0,6,1,0.08,0.07,0.15,0.08,3,False
303,90,0,1,1,0,0,0,0,0,0,0,2,37,48.2,72.4,0.0,12.1,3,3,7,13,1,0.00,0.19,0.19,0.79,10,False
304,3,0,0,0,0,0,0,0,0,0,0,0,1,0.0,0.3,0.0,0.0,0,1,0,1,0,0.00,0.00,0.00,0.71,1,False
305,0,0,0,0,0,0,0,0,0,0,0,0,0,0.0,0.0,0.0,0.0,0,0,0,0,0,0.00,0.00,0.00,0.00,0,False
306,0,0,0,0,0,0,0,0,0,0,0,0,0,0.0,0.0,0.0,0.0,0,0,0,0,0,0.00,0.00,0.00,0.00,0,False
307,0,0,0,0,0,0,0,0,0,0,0,0,0,0.0,0.0,0.0,0.0,0,0,0,0,0,0.00,0.00,0.00,0.00,0,False
308,0,0,0,0,0,0,0,0,0,0,0,0,0,0.0,0.0,0.0,0.0,0,0,0,0,0,0.00,0.00,0.00,0.00,0,False
309,0,0,0,0,0,0,0,0,0,0,0,0,0,0.0,0.0,0.0,0.0,0,0,0,0,0,0.00,0.00,0.00,0.00,0,False
310,7,0,0,0,0,0,0,0,0,0,0,0,4,3.2,0.5,4.0,0.8,1,0,1,2,0,0.00,0.00,0.00,0.71,1,False
311,82,0,0,1,0,0,0,0,0,0,0,0,11,9.6,10.1,18.0,3.8,4,3,0,7,1,0.28,0.00,0.28,0.08,2,False
312,0,0,0,0,0,0,0,0,0,0,0,0,0,0.0,0.0,0.0,0.0,0,0,0,0,0,0.00,0.00,0.00,0.00,0,False
313,0,0,0,0,0,0,0,0,0,0,0,0,0,0.0,0.0,0.0,0.0,0,0,0,0,0,0.00,0.00,0.00,0.00,0,False
314,90,0,0,0,1,0,0,0,0,0,3,0,11,21.2,0.0,0.0,2.1,0,14,0,0,1,0.00,0.00,0.00,1.09,3,False
315,0,0,0,0,0,0,0,0,0,0,0,0,0,0.0,0.0,0.0,0.0,0,0,0,0,0,0.00,0.00,0.00,0.00,0,False
316,90,0,0,0,1,0,0,0,1,0,0,0,11,24.4,42.3,0.0,6.7,9,5,0,9,1,0.00,0.16,0.16,1.09,1,False
317,0,0,0,0,0,0,0,0,0,0,0,0,0,0.0,0.0,0.0,0.0,0,0,0,0,0,0.00,0.00,0.00,0.00,0,False
318,90,0,0,0,1,0,0,0,1,0,0,0,7,12.0,3.8,0.0,1.6,0,1,4,4,1,0.00,0.01,0.01,1.09,1,False
319,8,0,0,0,0,0,0,0,0,0,0,0,3,2.6,0.7,24.0,2.7,0,0,1,1,0,0.16,0.00,0.16,0.00,1,False
320,90,0,0,0,1,0,0,0,0,0,0,0,10,21.2,0.7,2.0,2.4,4,3,0,4,1,0.00,0.01,0.01,1.09,2,False
321,0,0,0,0,0,0,0,0,0,0,0,0,0,0.0,0.0,0.0,0.0,0,0,0,0,0,0.00,0.00,0.00,0.00,0,False
322,81,0,0,0,1,0,0,0,0,0,0,0,12,12.0,15.1,7.0,3.4,4,3,1,5,1,0.06,0.04,0.10,1.09,2,False
323,0,0,0,0,0,0,0,0,0,0,0,0,0,0.0,0.0,0.0,0.0,0,0,0,0,0,0.00,0.00,0.00,0.00,0,False
324,90,0,0,0,1,0,0,0,0,0,0,0,12,12.0,25.8,24.0,6.2,3,5,0,8,1,0.04,0.07,0.11,1.09,2,False
325,29,0,0,0,1,0,0,0,0,0,0,0,6,5.8,6.1,35.0,4.7,0,1,0,1,0,0.19,0.01,0.20,0.14,1,False
326,2,0,0,0,0,0,0,0,0,0,0,0,1,0.0,0.0,0.0,0.0,0,0,0,0,0,0.00,0.00,0.00,0.05,1,False
327,0,0,0,0,0,0,0,0,0,0,0,0,0,0.0,0.0,0.0,0.0,0,0,0,0,0,0.00,0.00,0.00,0.00,0,False
328,8,0,0,0,0,0,0,0,0,0,0,0,3,0.2,1.8,12.0,1.4,0,0,0,0,0,0.05,0.01,0.06,0.00,1,False
329,0,0,0,0,0,0,0,0,0,0,0,0,0,0.0,0.0,0.0,0.0,0,0,0,0,0,0.00,0.00,0.00,0.00,0,False
330,81,0,0,0,1,0,0,0,0,0,0,0,12,16.0,2.3,4.0,2.2,3,8,1,12,1,0.00,0.01,0.01,1.09,4,False
331,60,0,0,1,0,0,0,0,0,0,0,0,12,4.6,17.2,0.0,2.2,1,4,0,5,1,0.00,0.06,0.06,0.95,3,False
332,0,0,0,0,0,0,0,0,0,0,0,0,0,0.0,0.0,0.0,0.0,0,0,0,0,0,0.00,0.00,0.00,0.00,0,False
333,0,0,0,0,0,0,0,0,0,0,0,0,0,0.0,0.0,0.0,0.0,0,0,0,0,0,0.00,0.00,0.00,0.00,0,False
334,0,0,0,0,0,0,0,0,0,0,0,0,0,0.0,0.0,0.0,0.0,0,0,0,0,0,0.00,0.00,0.00,0.00,0,False
335,60,0,0,1,0,0,0,0,0,0,0,0,8,2.8,12.3,31.0,4.6,0,3,0,3,1,0.15,0.01,0.16,0.95,3,False
336,0,0,0,0,0,0,0,0,0,0,0,0,0,0.0,0.0,0.0,0.0,0,0,0,0,0,0.00,0.00,0.00,0.00,0,False
337,59,0,0,0,0,0,0,0,0,0,0,0,7,3.0,1.0,4.0,0.8,0,2,2,4,1,0.16,0.04,0.20,0.95,1,False
338,30,0,0,0,1,0,0,0,0,0,0,0,3,0.0,1.3,11.0,1.0,0,0,0,0,0,0.04,0.01,0.05,0.14,1,False
339,0,0,0,0,0,0,0,0,0,0,0,0,0,0.0,0.0,0.0,0.0,0,0,0,0,0,0.00,0.00,0.00,0.00,0,False
340,0,0,0,0,0,0,0,0,0,0,0,0,0,0.0,0.0,0.0,0.0,0,0,0,0,0,0.00,0.00,0.00,0.00,0,False
341,90,0,0,0,1,0,0,0,0,0,0,0,4,7.6,0.0,0.0,0.8,1,7,0,0,1,0.00,0.00,0.00,0.86,2,False
342,83,0,0,0,1,0,0,0,0,0,0,0,1,0.4,1.8,16.0,1.8,1,4,0,1,1,0.22,0.00,0.22,0.86,2,False
343,90,0,0,0,1,0,0,0,0,0,0,0,11,11.4,11.7,7.0,3.0,2,4,0,2,1,0.06,0.06,0.12,0.86,2,False
344,6,0,0,0,0,0,0,0,0,0,0,0,8,9.8,0.8,58.0,6.9,1,3,0,1,0,0.23,0.07,0.30,0.00,1,False
345,0,0,0,0,0,0,0,0,0,0,0,0,0,0.0,0.0,0.0,0.0,0,0,0,0,0,0.00,0.00,0.00,0.00,0,False
346,0,0,0,0,0,0,0,0,0,0,0,0,0,0.0,0.0,0.0,0.0,0,0,0,0,0,0.00,0.00,0.00,0.00,0,False
347,83,0,0,0,1,0,0,0,0,0,0,0,8,1.4,2.3,5.0,0.9,2,4,0,2,1,0.04,0.01,0.05,0.86,2,False
348,90,0,0,0,1,0,0,0,0,0,0,0,11,18.2,1.4,0.0,2.0,5,6,2,7,1,0.00,0.01,0.01,0.86,2,False
349,0,0,0,0,0,0,0,0,0,0,0,0,0,0.0,0.0,0.0,0.0,0,0,0,0,0,0.00,0.00,0.00,0.00,0,False
350,73,0,0,0,1,0,0,0,0,0,0,0,7,2.2,1.8,14.0,1.8,1,3,1,5,1,0.10,0.01,0.11,0.86,2,False
351,16,0,0,0,0,0,0,0,1,0,0,0,-3,0.0,1.2,4.0,0.3,1,2,0,3,0,0.04,0.01,0.05,0.00,0,False
352,0,0,0,0,0,0,0,0,0,0,0,0,0,0.0,0.0,0.0,0.0,0,0,0,0,0,0.00,0.00,0.00,0.00,0,False
353,16,0,0,0,0,0,0,0,0,0,0,0,6,6.2,15.6,4.0,2.6,0,2,0,2,0,0.00,0.02,0.02,0.00,1,False
354,90,0,0,0,1,0,0,0,0,0,0,0,14,19.4,27.2,5.0,5.2,4,3,3,10,1,0.05,0.10,0.15,0.86,2,False
355,0,0,0,0,0,0,0,0,0,0,0,0,0,0.0,0.0,0.0,0.0,0,0,0,0,0,0.00,0.00,0.00,0.00,0,False
356,61,0,0,1,0,0,0,0,0,0,0,0,9,1.8,12.3,0.0,1.4,0,1,0,1,1,0.00,0.01,0.01,0.01,3,False
357,0,0,0,0,0,0,0,0,0,0,0,0,0,0.0,0.0,0.0,0.0,0,0,0,0,0,0.00,0.00,0.00,0.00,0,False
358,0,0,0,0,0,0,0,0,0,0,0,0,0,0.0,0.0,0.0,0.0,0,0,0,0,0,0.00,0.00,0.00,0.00,0,False
359,0,0,0,0,0,0,0,0,0,0,0,0,0,0.0,0.0,0.0,0.0,0,0,0,0,0,0.00,0.00,0.00,0.00,0,False
360,0,0,0,0,0,0,0,0,0,0,0,0,0,0.0,0.0,0.0,0.0,0,0,0,0,0,0.00,0.00,0.00,0.00,0,False
361,0,0,0,0,0,0,0,0,0,0,0,0,0,0.0,0.0,0.0,0.0,0,0,0,0,0,0.00,0.00,0.00,0.00,0,False
362,6,0,0,0,0,0,0,0,0,0,0,0,4,2.4,14.8,6.0,2.3,0,1,0,1,0,0.16,0.05,0.21,0.00,1,False
363,0,0,0,0,0,0,0,0,0,0,0,0,0,0.0,0.0,0.0,0.0,0,0,0,0,0,0.00,0.00,0.00,0.00,0,False
364,0,0,0,0,0,0,0,0,0,0,0,0,0,0.0,0.0,0.0,0.0,0,0,0,0,0,0.00,0.00,0.00,0.00,0,False
365,28,0,0,0,1,0,0,0,0,0,0,0,4,3.6,21.0,8.0,3.3,0,1,0,1,0,0.00,0.09,0.09,0.85,1,False
366,90,0,0,0,2,0,0,0,0,0,1,0,9,14.4,0.0,0.0,1.4,0,8,0,0,1,0.00,0.00,0.00,0.44,1,False
367,0,0,0,0,0,0,0,0,0,0,0,0,0,0.0,0.0,0.0,0.0,0,0,0,0,0,0.00,0.00,0.00,0.00,0,False
368,0,0,0,0,0,0,0,0,0,0,0,0,0,0.0,0.0,0.0,0.0,0,0,0,0,0,0.00,0.00,0.00,0.00,0,False
369,0,0,0,0,0,0,0,0,0,0,0,0,0,0.0,0.0,0.0,0.0,0,0,0,0,0,0.00,0.00,0.00,0.00,0,False
370,71,0,0,1,0,0,0,0,0,0,0,1,26,2.8,4.7,8.0,1.6,0,2,1,1,1,0.04,0.02,0.06,0.00,7,False
371,64,0,0,1,0,0,0,0,0,0,0,0,25,4.0,13.3,4.0,2.1,0,0,0,0,1,0.00,0.01,0.01,0.00,6,False
372,25,0,0,0,2,0,0,0,0,0,0,0,-3,7.6,15.4,0.0,2.3,1,2,0,1,0,0.00,0.05,0.05,0.44,0,False
373,90,0,0,0,2,0,0,0,0,0,0,0,6,23.6,15.0,26.0,6.5,5,5,0,5,1,0.43,0.23,0.66,0.44,1,False
374,78,0,0,0,1,0,0,0,0,0,0,0,15,16.0,4.8,0.0,2.1,3,6,1,4,1,0.00,0.02,0.02,0.31,2,False
375,0,0,0,0,0,0,0,0,0,0,0,0,0,0.0,0.0,0.0,0.0,0,0,0,0,0,0.00,0.00,0.00,0.00,0,False
376,18,0,0,0,2,0,0,0,0,0,0,0,-7,2.2,0.3,0.0,0.3,1,1,0,1,0,0.00,0.00,0.00,0.44,0,False
377,0,0,0,0,0,0,0,0,0,0,0,0,0,0.0,0.0,0.0,0.0,0,0,0,0,0,0.00,0.00,0.00,0.00,0,False
378,0,0,0,0,0,0,0,0,0,0,0,0,0,0.0,0.0,0.0,0.0,0,0,0,0,0,0.00,0.00,0.00,0.00,0,False
379,0,0,0,0,0,0,0,0,0,0,0,0,0,0.0,0.0,0.0,0.0,0,0,0,0,0,0.00,0.00,0.00,0.00,0,False
380,0,0,0,0,0,0,0,0,0,0,0,0,0,0.0,0.0,0.0,0.0,0,0,0,0,0,0.00,0.00,0.00,0.00,0,False
381,90,1,0,0,2,0,0,0,0,0,0,2,27,40.8,25.1,39.0,10.5,1,5,3,9,1,0.28,0.11,0.39,0.44,9,False
382,0,0,0,0,0,0,0,0,0,0,0,0,0,0.0,0.0,0.0,0.0,0,0,0,0,0,0.00,0.00,0.00,0.00,0,False
383,0,0,0,0,0,0,0,0,0,0,0,0,0,0.0,0.0,0.0,0.0,0,0,0,0,0,0.00,0.00,0.00,0.00,0,False
384,64,0,0,1,0,0,0,0,0,0,0,0,6,2.6,4.3,33.0,4.0,0,3,1,4,1,0.65,0.05,0.70,0.00,3,False
385,11,0,0,0,1,0,0,0,0,0,0,0,4,1.0,2.5,11.0,1.5,0,0,0,0,0,0.11,0.01,0.12,0.13,1,False
386,90,0,0,0,2,0,0,0,0,0,0,0,11,14.6,26.5,10.0,5.1,3,1,4,8,1,0.08,0.05,0.13,0.44,2,False
387,90,0,0,0,2,0,0,0,0,0,0,1,26,26.4,55.8,16.0,9.8,3,9,3,15,1,0.08,0.17,0.25,0.44,5,False
388,45,0,0,0,2,0,0,0,0,0,0,0,6,8.2,15.3,10.0,3.4,1,4,2,7,0,0.04,0.02,0.06,0.44,1,False
389,0,0,0,0,0,0,0,0,0,0,0,0,0,0.0,0.0,0.0,0.0,0,0,0,0,0,0.00,0.00,0.00,0.00,0,False
390,45,0,0,0,0,0,0,0,1,0,0,0,-6,0.0,3.6,0.0,0.0,0,1,0,1,1,0.00,0.01,0.01,0.00,0,False
391,0,0,0,0,0,0,0,0,0,0,0,0,0,0.0,0.0,0.0,0.0,0,0,0,0,0,0.00,0.00,0.00,0.00,0,False
392,0,0,0,0,0,0,0,0,0,0,0,0,0,0.0,0.0,0.0,0.0,0,0,0,0,0,0.00,0.00,0.00,0.00,0,False
393,0,0,0,0,0,0,0,0,0,0,0,0,0,0.0,0.0,0.0,0.0,0,0,0,0,0,0.00,0.00,0.00,0.00,0,False
394,0,0,0,0,0,0,0,0,0,0,0,0,0,0.0,0.0,0.0,0.0,0,0,0,0,0,0.00,0.00,0.00,0.00,0,False
395,0,0,0,0,0,0,0,0,0,0,0,0,0,0.0,0.0,0.0,0.0,0,0,0,0,0,0.00,0.00,0.00,0.00,0,False
396,0,0,0,0,0,0,0,0,0,0,0,0,0,0.0,0.0,0.0,0.0,0,0,0,0,0,0.00,0.00,0.00,0.00,0,False
397,0,0,0,0,0,0,0,0,0,0,0,0,0,0.0,0.0,0.0,0.0,0,0,0,0,0,0.00,0.00,0.00,0.00,0,False
398,0,0,0,0,0,0,0,0,0,0,0,0,0,0.0,0.0,0.0,0.0,0,0,0,0,0,0.00,0.00,0.00,0.00,0,False
399,0,0,0,0,0,0,0,0,0,0,0,0,0,0.0,0.0,0.0,0.0,0,0,0,0,0,0.00,0.00,0.00,0.00,0,False
400,0,0,0,0,0,0,0,0,0,0,0,0,0,0.0,0.0,0.0,0.0,0,0,0,0,0,0.00,0.00,0.00,0.00,0,False
401,0,0,0,0,0,0,0,0,0,0,0,0,0,0.0,0.0,0.0,0.0,0,0,0,0,0,0.00,0.00,0.00,0.00,0,False
402,76,0,1,0,2,0,0,0,0,0,0,0,22,28.6,35.2,2.0,6.6,2,6,1,3,1,0.00,0.26,0.26,0.82,4,False
403,0,0,0,0,0,0,0,0,0,0,0,0,0,0.0,0.0,0.0,0.0,0,0,0,0,0,0.00,0.00,0.00,0.00,0,False
404,0,0,0,0,0,0,0,0,0,0,0,0,0,0.0,0.0,0.0,0.0,0,0,0,0,0,0.00,0.00,0.00,0.00,0,False
405,0,0,0,0,0,0,0,0,0,0,0,0,0,0.0,0.0,0.0,0.0,0,0,0,0,0,0.00,0.00,0.00,0.00,0,False
406,13,0,0,0,0,0,0,0,0,0,0,0,2,1.2,1.4,0.0,0.3,0,1,0,0,0,0.00,0.01,0.01,0.15,1,False
407,90,0,0,0,2,0,0,0,0,0,0,0,5,13.4,29.6,14.0,5.7,0,2,2,2,1,0.00,0.06,0.06,0.97,1,False
408,90,0,0,0,2,0,0,0,0,0,0,0,7,21.4,19.4,0.0,4.1,3,5,1,4,1,0.00,0.10,0.10,0.97,1,False
409,0,0,0,0,0,0,0,0,0,0,0,0,0,0.0,0.0,0.0,0.0,0,0,0,0,0,0.00,0.00,0.00,0.00,0,False
410,0,0,0,0,0,0,0,0,0,0,0,0,0,0.0,0.0,0.0,0.0,0,0,0,0,0,0.00,0.00,0.00,0.00,0,False
411,0,0,0,0,0,0,0,0,0,0,0,0,0,0.0,0.0,0.0,0.0,0,0,0,0,0,0.00,0.00,0.00,0.00,0,False
412,0,0,0,0,0,0,0,0,0,0,0,0,0,0.0,0.0,0.0,0.0,0,0,0,0,0,0.00,0.00,0.00,0.00,0,False
413,0,0,0,0,0,0,0,0,0,0,0,0,0,0.0,0.0,0.0,0.0,0,0,0,0,0,0.00,0.00,0.00,0.00,0,False
414,76,0,0,0,2,0,0,0,0,0,0,0,20,14.8,40.7,16.0,7.2,2,3,1,6,1,0.05,0.18,0.23,0.82,2,False
415,8,0,0,0,0,0,0,0,0,0,0,0,2,6.0,0.8,14.0,2.1,0,0,0,0,0,0.49,0.01,0.50,0.11,1,False
416,90,0,0,0,2,0,0,0,0,0,0,0,22,24.4,49.3,60.0,13.4,1,3,1,5,1,0.28,0.35,0.63,0.97,2,False
417,81,0,1,0,2,0,0,0,0,0,0,0,28,27.6,59.9,11.0,9.9,0,3,1,4,1,0.31,0.60,0.91,0.86,5,False
418,13,0,0,0,0,0,0,0,0,0,0,0,7,2.4,10.8,1.0,1.4,0,3,1,4,0,0.04,0.11,0.15,0.15,1,False
419,0,0,0,0,0,0,0,0,0,0,0,0,0,0.0,0.0,0.0,0.0,0,0,0,0,0,0.00,0.00,0.00,0.00,0,False
420,0,0,0,0,0,0,0,0,0,0,0,0,0,0.0,0.0,0.0,0.0,0,0,0,0,0,0.00,0.00,0.00,0.00,0,False
421,90,1,0,0,2,0,0,0,0,0,0,2,34,45.0,31.5,42.0,11.9,0,9,1,10,1,0.37,0.18,0.55,0.97,9,False
422,0,0,0,0,0,0,0,0,0,0,0,0,0,0.0,0.0,0.0,0.0,0,0,0,0,0,0.00,0.00,0.00,0.00,0,False
423,0,0,0,0,0,0,0,0,0,0,0,0,0,0.0,0.0,0.0,0.0,0,0,0,0,0,0.00,0.00,0.00,0.00,0,False
424,29,0,0,0,1,0,0,0,0,0,0,0,6,5.8,15.0,0.0,2.1,0,1,0,1,0,0.00,0.13,0.13,0.14,1,False
425,0,0,0,0,0,0,0,0,0,0,0,0,0,0.0,0.0,0.0,0.0,0,0,0,0,0,0.00,0.00,0.00,0.00,0,False
426,0,0,0,0,0,0,0,0,0,0,0,0,0,0.0,0.0,0.0,0.0,0,0,0,0,0,0.00,0.00,0.00,0.00,0,False
427,0,0,0,0,0,0,0,0,0,0,0,0,0,0.0,0.0,0.0,0.0,0,0,0,0,0,0.00,0.00,0.00,0.00,0,False
428,0,0,0,0,0,0,0,0,0,0,0,0,0,0.0,0.0,0.0,0.0,0,0,0,0,0,0.00,0.00,0.00,0.00,0,False
429,0,0,0,0,0,0,0,0,0,0,0,0,0,0.0,0.0,0.0,0.0,0,0,0,0,0,0.00,0.00,0.00,0.00,0,False
430,90,0,0,0,2,0,0,0,0,0,0,0,0,0.0,1.8,19.0,2.1,2,1,0,3,1,0.10,0.03,0.13,0.97,2,False
431,0,0,0,0,0,0,0,0,0,0,0,0,0,0.0,0.0,0.0,0.0,0,0,0,0,0,0.00,0.00,0.00,0.00,0,False
432,0,0,0,0,0,0,0,0,0,0,0,0,0,0.0,0.0,0.0,0.0,0,0,0,0,0,0.00,0.00,0.00,0.00,0,False
433,0,0,0,0,0,0,0,0,0,0,0,0,0,0.0,0.0,0.0,0.0,0,0,0,0,0,0.00,0.00,0.00,0.00,0,False
434,0,0,0,0,0,0,0,0,0,0,0,0,0,0.0,0.0,0.0,0.0,0,0,0,0,0,0.00,0.00,0.00,0.00,0,False
435,0,0,0,0,0,0,0,0,0,0,0,0,0,0.0,0.0,0.0,0.0,0,0,0,0,0,0.00,0.00,0.00,0.00,0,False
436,0,0,0,0,0,0,0,0,0,0,0,0,0,0.0,0.0,0.0,0.0,0,0,0,0,0,0.00,0.00,0.00,0.00,0,False
437,0,0,0,0,0,0,0,0,0,0,0,0,0,0.0,0.0,0.0,0.0,0,0,0,0,0,0.00,0.00,0.00,0.00,0,False
438,84,0,0,0,1,0,0,0,1,0,0,0,9,6.0,6.1,2.0,1.4,4,1,1,5,1,0.06,0.02,0.08,2.44,1,False
439,0,0,0,0,0,0,0,0,0,0,0,0,0,0.0,0.0,0.0,0.0,0,0,0,0,0,0.00,0.00,0.00,0.00,0,False
440,29,0,0,0,1,0,0,0,0,0,0,0,-1,2.0,1.9,2.0,0.6,1,6,0,1,0,0.00,0.01,0.01,1.15,1,False
441,0,0,0,0,0,0,0,0,0,0,0,0,0,0.0,0.0,0.0,0.0,0,0,0,0,0,0.00,0.00,0.00,0.00,0,False
442,90,0,0,0,2,0,0,0,0,0,0,0,4,10.0,1.2,6.0,1.7,3,4,1,4,1,0.00,0.01,0.01,2.48,1,False
443,60,0,0,0,1,0,0,0,1,0,0,0,0,3.0,2.3,0.0,0.5,4,1,0,4,1,0.00,0.01,0.01,1.34,1,False
444,90,0,0,0,2,0,0,0,0,0,0,0,7,16.4,4.0,17.0,3.7,5,2,1,6,1,0.26,0.13,0.39,2.48,1,False
445,0,0,0,0,0,0,0,0,0,0,0,0,0,0.0,0.0,0.0,0.0,0,0,0,0,0,0.00,0.00,0.00,0.00,0,False
446,0,0,0,0,0,0,0,0,0,0,0,0,0,0.0,0.0,0.0,0.0,0,0,0,0,0,0.00,0.00,0.00,0.00,0,False
447,0,0,0,0,0,0,0,0,0,0,0,0,0,0.0,0.0,0.0,0.0,0,0,0,0,0,0.00,0.00,0.00,0.00,0,False
448,5,0,0,0,1,0,0,0,0,0,0,0,-1,0.6,0.5,0.0,0.1,0,2,0,0,0,0.00,0.00,0.00,0.05,1,False
449,90,0,1,0,2,0,0,0,0,0,0,3,36,35.0,103.7,5.0,14.4,1,6,3,10,1,0.03,1.25,1.28,2.48,8,False
450,90,0,0,0,2,0,0,0,0,0,0,0,17,15.0,19.0,35.0,6.9,4,4,1,9,1,0.18,0.06,0.24,2.48,2,False
451,0,0,0,0,0,0,0,0,0,0,0,0,0,0.0,0.0,0.0,0.0,0,0,0,0,0,0.00,0.00,0.00,0.00,0,False
452,14,0,0,0,1,0,0,0,0,0,0,0,3,0.2,0.8,2.0,0.3,0,1,0,1,0,0.00,0.04,0.04,0.64,1,False
453,90,0,1,0,1,0,0,0,0,0,0,1,31,42.4,71.9,45.0,15.9,0,2,4,6,1,0.46,0.86,1.32,0.78,6,False
454,0,0,0,0,0,0,0,0,0,0,0,0,0,0.0,0.0,0.0,0.0,0,0,0,0,0,0.00,0.00,0.00,0.00,0,False
455,0,0,0,0,0,0,0,0,0,0,0,0,0,0.0,0.0,0.0,0.0,0,0,0,0,0,0.00,0.00,0.00,0.00,0,False
456,27,0,0,0,1,0,0,0,0,0,0,0,6,7.2,27.5,4.0,3.9,0,1,0,1,0,0.00,0.15,0.15,1.34,1,False
457,60,1,0,0,1,0,0,0,0,0,0,1,26,39.6,3.6,17.0,6.0,3,4,1,8,1,0.07,0.01,0.08,1.34,8,False
458,75,0,0,0,1,0,0,0,0,0,0,0,15,5.4,5.5,9.0,2.0,1,5,0,6,1,0.03,0.02,0.05,1.85,2,False
459,29,0,0,0,1,0,0,0,0,0,0,0,2,5.0,1.5,6.0,1.3,1,2,2,5,0,0.19,0.00,0.19,1.15,1,False
460,0,0,0,0,0,0,0,0,0,0,0,0,0,0.0,0.0,0.0,0.0,0,0,0,0,0,0.00,0.00,0.00,0.00,0,False
461,0,0,0,0,0,0,0,0,0,0,0,0,0,0.0,0.0,0.0,0.0,0,0,0,0,0,0.00,0.00,0.00,0.00,0,False
462,0,0,0,0,0,0,0,0,0,0,0,0,0,0.0,0.0,0.0,0.0,0,0,0,0,0,0.00,0.00,0.00,0.00,0,False
463,0,0,0,0,0,0,0,0,0,0,0,0,0,0.0,0.0,0.0,0.0,0,0,0,0,0,0.00,0.00,0.00,0.00,0,False
464,0,0,0,0,0,0,0,0,0,0,0,0,0,0.0,0.0,0.0,0.0,0,0,0,0,0,0.00,0.00,0.00,0.00,0,False
465,0,0,0,0,0,0,0,0,0,0,0,0,0,0.0,0.0,0.0,0.0,0,0,0,0,0,0.00,0.00,0.00,0.00,0,False
466,13,0,0,0,1,0,0,0,0,0,0,0,8,8.6,18.8,13.0,4.0,0,1,0,1,0,0.02,0.02,0.04,0.64,1,False
467,0,0,0,0,0,0,0,0,0,0,0,0,0,0.0,0.0,0.0,0.0,0,0,0,0,0,0.00,0.00,0.00,0.00,0,False
468,0,0,0,0,0,0,0,0,0,0,0,0,0,0.0,0.0,0.0,0.0,0,0,0,0,0,0.00,0.00,0.00,0.00,0,False
469,0,0,0,0,0,0,0,0,0,0,0,0,0,0.0,0.0,0.0,0.0,0,0,0,0,0,0.00,0.00,0.00,0.00,0,False
470,90,0,0,0,2,0,0,0,0,0,3,0,9,23.4,0.0,0.0,2.3,1,8,0,0,1,0.00,0.00,0.00,1.30,2,False
471,0,0,0,0,0,0,0,0,0,0,0,0,0,0.0,0.0,0.0,0.0,0,0,0,0,0,0.00,0.00,0.00,0.00,0,False
472,0,0,0,0,0,0,0,0,0,0,0,0,0,0.0,0.0,0.0,0.0,0,0,0,0,0,0.00,0.00,0.00,0.00,0,False
473,90,0,0,0,1,0,0,0,0,0,0,0,10,9.8,5.4,6.0,2.1,5,4,1,6,1,0.06,0.02,0.08,1.48,2,False
474,0,0,0,0,0,0,0,0,0,0,0,0,0,0.0,0.0,0.0,0.0,0,0,0,0,0,0.00,0.00,0.00,0.00,0,False
475,1,0,0,0,0,0,0,0,0,0,0,0,3,0.0,0.0,0.0,0.0,0,0,0,0,0,0.00,0.00,0.00,0.00,1,False
476,90,0,0,0,1,0,0,0,0,0,0,0,12,23.6,0.4,2.0,2.6,6,5,2,8,1,0.00,0.00,0.00,1.48,2,False
477,0,0,0,0,0,0,0,0,0,0,0,0,0,0.0,0.0,0.0,0.0,0,0,0,0,0,0.00,0.00,0.00,0.00,0,False
478,90,0,1,0,1,0,0,0,1,0,0,0,23,42.8,16.8,2.0,6.2,12,3,4,16,1,0.00,0.06,0.06,1.48,6,False
479,0,0,0,0,0,0,0,0,0,0,0,0,0,0.0,0.0,0.0,0.0,0,0,0,0,0,0.00,0.00,0.00,0.00,0,False
480,0,0,0,0,0,0,0,0,0,0,0,0,0,0.0,0.0,0.0,0.0,0,0,0,0,0,0.00,0.00,0.00,0.00,0,False
481,0,0,0,0,0,0,0,0,0,0,0,0,0,0.0,0.0,0.0,0.0,0,0,0,0,0,0.00,0.00,0.00,0.00,0,False
482,0,0,0,0,0,0,0,0,0,0,0,0,0,0.0,0.0,0.0,0.0,0,0,0,0,0,0.00,0.00,0.00,0.00,0,False
483,0,0,0,0,0,0,0,0,0,0,0,0,0,0.0,0.0,0.0,0.0,0,0,0,0,0,0.00,0.00,0.00,0.00,0,False
484,0,0,0,0,0,0,0,0,0,0,0,0,0,0.0,0.0,0.0,0.0,0,0,0,0,0,0.00,0.00,0.00,0.00,0,False
485,84,1,0,0,1,0,0,0,0,0,0,0,24,39.8,24.2,37.0,10.1,1,5,1,7,1,1.32,0.13,1.45,1.19,7,False
486,83,0,0,0,1,0,0,0,0,0,0,0,12,6.8,27.2,10.0,4.4,0,4,1,5,1,0.07,0.29,0.36,1.19,2,False
487,45,0,0,0,1,0,0,0,0,0,0,0,6,2.4,1.3,45.0,4.9,0,0,1,1,1,0.26,0.01,0.27,0.75,1,False
488,0,0,0,0,0,0,0,0,0,0,0,0,0,0.0,0.0,0.0,0.0,0,0,0,0,0,0.00,0.00,0.00,0.00,0,False
489,6,0,0,0,0,0,0,0,0,0,0,0,3,1.0,0.0,0.0,0.1,1,0,0,1,0,0.00,0.00,0.00,0.30,1,False
490,90,0,0,0,1,0,0,0,1,0,0,0,8,7.6,4.4,7.0,1.9,3,6,2,11,1,0.12,0.04,0.16,1.48,1,False
491,90,0,0,0,1,0,0,0,0,0,0,0,17,12.8,40.7,1.0,5.5,4,5,0,9,1,0.02,0.49,0.51,1.48,2,False
492,0,0,0,0,0,0,0,0,0,0,0,0,0,0.0,0.0,0.0,0.0,0,0,0,0,0,0.00,0.00,0.00,0.00,0,False
493,0,0,0,0,0,0,0,0,0,0,0,0,0,0.0,0.0,0.0,0.0,0,0,0,0,0,0.00,0.00,0.00,0.00,0,False
494,45,0,0,0,0,0,0,0,0,0,0,0,6,3.2,1.5,0.0,0.5,2,4,1,7,0,0.00,0.00,0.00,0.74,1,False
495,0,0,0,0,0,0,0,0,0,0,0,0,0,0.0,0.0,0.0,0.0,0,0,0,0,0,0.00,0.00,0.00,0.00,0,False
496,0,0,0,0,0,0,0,0,0,0,0,0,0,0.0,0.0,0.0,0.0,0,0,0,0,0,0.00,0.00,0.00,0.00,0,False
497,0,0,0,0,0,0,0,0,0,0,0,0,0,0.0,0.0,0.0,0.0,0,0,0,0,0,0.00,0.00,0.00,0.00,0,False
498,0,0,0,0,0,0,0,0,0,0,0,0,0,0.0,0.0,0.0,0.0,0,0,0,0,0,0.00,0.00,0.00,0.00,0,False
499,0,0,0,0,0,0,0,0,0,0,0,0,0,0.0,0.0,0.0,0.0,0,0,0,0,0,0.00,0.00,0.00,0.00,0,False
500,5,1,0,0,0,0,0,0,0,0,0,2,34,35.0,0.3,17.0,5.2,0,2,1,3,0,0.05,0.00,0.05,0.30,7,False
501,0,0,0,0,0,0,0,0,0,0,0,0,0,0.0,0.0,0.0,0.0,0,0,0,0,0,0.00,0.00,0.00,0.00,0,False
502,90,0,0,0,2,0,0,0,1,0,3,0,5,20.2,0.0,0.0,2.0,0,9,0,0,1,0.00,0.00,0.00,2.12,1,False
503,0,0,0,0,0,0,0,0,0,0,0,0,0,0.0,0.0,0.0,0.0,0,0,0,0,0,0.00,0.00,0.00,0.00,0,False
504,0,0,0,0,0,0,0,0,0,0,0,0,0,0.0,0.0,0.0,0.0,0,0,0,0,0,0.00,0.00,0.00,0.00,0,False
505,90,0,0,0,2,0,0,0,1,0,0,0,2,12.2,0.1,4.0,1.6,4,1,0,4,1,0.00,0.00,0.00,2.12,0,False
506,90,0,0,0,2,0,0,0,1,0,0,0,13,32.0,0.1,0.0,3.2,12,2,0,12,1,0.00,0.00,0.00,2.12,2,False
507,90,0,0,0,2,0,0,0,0,0,0,0,8,17.0,4.8,0.0,2.2,4,2,3,7,1,0.00,0.01,0.01,2.12,1,False
508,89,0,0,0,2,0,0,0,0,0,0,0,3,15.2,11.0,0.0,2.6,4,7,3,7,1,0.00,0.01,0.01,1.34,1,False
509,0,0,0,0,0,0,0,0,0,0,0,0,0,0.0,0.0,0.0,0.0,0,0,0,0,0,0.00,0.00,0.00,0.00,0,False
510,90,0,0,0,2,0,0,0,0,0,0,0,5,14.2,0.1,0.0,1.4,5,1,1,6,1,0.00,0.00,0.00,2.12,1,False
511,1,0,0,0,0,0,0,0,0,0,0,0,14,9.0,0.0,0.0,0.9,4,0,0,4,0,0.00,0.00,0.00,0.79,1,False
512,0,0,0,0,0,0,0,0,0,0,0,0,0,0.0,0.0,0.0,0.0,0,0,0,0,0,0.00,0.00,0.00,0.00,0,False
513,0,0,0,0,0,0,0,0,0,0,0,0,0,0.0,0.0,0.0,0.0,0,0,0,0,0,0.00,0.00,0.00,0.00,0,False
514,0,0,0,0,0,0,0,0,0,0,0,0,0,0.0,0.0,0.0,0.0,0,0,0,0,0,0.00,0.00,0.00,0.00,0,False
515,89,1,0,0,2,0,0,0,0,0,0,1,31,41.6,15.3,55.0,11.2,0,5,1,6,1,0.71,0.02,0.73,1.34,8,False
516,27,0,1,0,0,0,0,0,0,0,0,0,13,19.4,11.3,0.0,3.1,0,2,1,3,0,0.00,0.01,0.01,1.07,4,False
517,90,1,0,0,2,0,0,0,0,0,0,3,46,56.8,18.3,17.0,9.2,4,6,5,15,1,0.10,0.08,0.18,2.12,12,True
518,0,0,0,0,0,0,0,0,0,0,0,0,0,0.0,0.0,0.0,0.0,0,0,0,0,0,0.00,0.00,0.00,0.00,0,False
519,63,0,0,0,2,0,0,0,0,0,0,0,17,10.0,12.3,2.0,2.4,0,8,3,11,1,0.00,0.05,0.05,1.05,2,False
520,0,0,0,0,0,0,0,0,0,0,0,0,0,0.0,0.0,0.0,0.0,0,0,0,0,0,0.00,0.00,0.00,0.00,0,False
521,90,0,0,0,2,0,0,0,1,0,0,0,4,14.0,12.6,0.0,2.7,4,4,2,10,1,0.00,0.00,0.00,2.12,1,False
522,1,0,0,0,0,0,0,0,0,0,0,0,-2,0.0,0.1,4.0,0.2,0,0,0,0,0,0.11,0.00,0.11,0.79,1,False
523,0,0,0,0,0,0,0,0,0,0,0,0,0,0.0,0.0,0.0,0.0,0,0,0,0,0,0.00,0.00,0.00,0.00,0,False
524,0,0,0,0,0,0,0,0,0,0,0,0,0,0.0,0.0,0.0,0.0,0,0,0,0,0,0.00,0.00,0.00,0.00,0,False
525,0,0,0,0,0,0,0,0,0,0,0,0,0,0.0,0.0,0.0,0.0,0,0,0,0,0,0.00,0.00,0.00,0.00,0,False
526,78,0,1,0,2,0,0,0,0,0,0,0,21,21.2,12.3,23.0,5.7,0,0,1,1,1,0.05,0.16,0.21,1.05,5,False
527,11,0,0,0,0,0,0,0,0,0,0,0,3,0.0,0.0,0.0,0.0,0,0,0,0,0,0.00,0.00,0.00,1.07,1,False
528,0,0,0,0,0,0,0,0,0,0,0,0,0,0.0,0.0,0.0,0.0,0,0,0,0,0,0.00,0.00,0.00,0.00,0,False
529,0,0,0,0,0,0,0,0,0,0,0,0,0,0.0,0.0,0.0,0.0,0,0,0,0,0,0.00,0.00,0.00,0.00,0,False
530,0,0,0,0,0,0,0,0,0,0,0,0,0,0.0,0.0,0.0,0.0,0,0,0,0,0,0.00,0.00,0.00,0.00,0,False
531,90,0,0,1,0,0,0,0,0,0,0,1,25,35.8,0.3,7.0,4.3,14,4,2,16,1,0.01,0.00,0.01,1.15,9,False
532,90,0,0,1,0,0,0,0,0,0,0,2,30,16.0,1.2,0.0,1.7,7,3,2,9,1,0.00,0.03,0.03,1.15,8,False
533,0,0,0,0,0,0,0,0,0,0,0,0,0,0.0,0.0,0.0,0.0,0,0,0,0,0,0.00,0.00,0.00,0.00,0,False
534,0,0,0,0,0,0,0,0,0,0,0,0,0,0.0,0.0,0.0,0.0,0,0,0,0,0,0.00,0.00,0.00,0.00,0,False
535,0,0,0,0,0,0,0,0,0,0,0,0,0,0.0,0.0,0.0,0.0,0,0,0,0,0,0.00,0.00,0.00,0.00,0,False
536,0,0,0,0,0,0,0,0,0,0,0,0,0,0.0,0.0,0.0,0.0,0,0,0,0,0,0.00,0.00,0.00,0.00,0,False
537,0,0,0,0,0,0,0,0,0,0,0,0,0,0.0,0.0,0.0,0.0,0,0,0,0,0,0.00,0.00,0.00,0.00,0,False
538,0,0,0,0,0,0,0,0,0,0,0,0,0,0.0,0.0,0.0,0.0,0,0,0,0,0,0.00,0.00,0.00,0.00,0,False
539,90,0,0,1,0,0,0,0,1,0,0,0,20,4.4,1.1,2.0,0.8,3,4,1,4,1,0.00,0.02,0.02,1.15,5,False
540,0,0,0,0,0,0,0,0,0,0,0,0,0,0.0,0.0,0.0,0.0,0,0,0,0,0,0.00,0.00,0.00,0.00,0,False
541,0,0,0,0,0,0,0,0,0,0,0,0,0,0.0,0.0,0.0,0.0,0,0,0,0,0,0.00,0.00,0.00,0.00,0,False
542,0,0,0,0,0,0,0,0,0,0,0,0,0,0.0,0.0,0.0,0.0,0,0,0,0,0,0.00,0.00,0.00,0.00,0,False
543,0,0,0,0,0,0,0,0,0,0,0,0,0,0.0,0.0,0.0,0.0,0,0,0,0,0,0.00,0.00,0.00,0.00,0,False
544,90,1,0,1,0,0,0,0,1,0,0,0,23,35.2,1.7,17.0,5.4,2,3,1,6,1,0.79,0.00,0.79,1.15,7,False
545,0,0,0,0,0,0,0,0,0,0,0,0,0,0.0,0.0,0.0,0.0,0,0,0,0,0,0.00,0.00,0.00,0.00,0,False
546,0,0,0,0,0,0,0,0,0,0,0,0,0,0.0,0.0,0.0,0.0,0,0,0,0,0,0.00,0.00,0.00,0.00,0,False
547,90,0,0,1,0,0,0,0,0,0,0,0,13,16.8,15.4,0.0,3.2,2,6,5,13,1,0.00,0.03,0.03,1.15,5,False
548,0,0,0,0,0,0,0,0,0,0,0,0,0,0.0,0.0,0.0,0.0,0,0,0,0,0,0.00,0.00,0.00,0.00,0,False
549,0,0,0,0,0,0,0,0,0,0,0,0,0,0.0,0.0,0.0,0.0,0,0,0,0,0,0.00,0.00,0.00,0.00,0,False
550,0,0,0,0,0,0,0,0,0,0,0,0,0,0.0,0.0,0.0,0.0,0,0,0,0,0,0.00,0.00,0.00,0.00,0,False
551,1,0,0,0,0,0,0,0,0,0,0,0,3,0.0,0.0,0.0,0.0,0,1,0,1,0,0.00,0.00,0.00,0.29,1,False
552,90,0,0,1,0,0,0,0,0,0,0,0,5,8.6,2.0,0.0,1.1,5,3,0,8,1,0.00,0.01,0.01,1.15,3,False
553,0,0,0,0,0,0,0,0,0,0,0,0,0,0.0,0.0,0.0,0.0,0,0,0,0,0,0.00,0.00,0.00,0.00,0,False
554,0,0,0,0,0,0,0,0,0,0,0,0,0,0.0,0.0,0.0,0.0,0,0,0,0,0,0.00,0.00,0.00,0.00,0,False
555,0,0,0,0,0,0,0,0,0,0,0,0,0,0.0,0.0,0.0,0.0,0,0,0,0,0,0.00,0.00,0.00,0.00,0,False
556,0,0,0,0,0,0,0,0,0,0,0,0,0,0.0,0.0,0.0,0.0,0,0,0,0,0,0.00,0.00,0.00,0.00,0,False
557,0,0,0,0,0,0,0,0,0,0,0,0,0,0.0,0.0,0.0,0.0,0,0,0,0,0,0.00,0.00,0.00,0.00,0,False
558,0,0,0,0,0,0,0,0,0,0,0,0,0,0.0,0.0,0.0,0.0,0,0,0,0,0,0.00,0.00,0.00,0.00,0,False
559,0,0,0,0,0,0,0,0,0,0,0,0,0,0.0,0.0,0.0,0.0,0,0,0,0,0,0.00,0.00,0.00,0.00,0,False
560,34,0,1,0,0,0,0,0,0,0,0,0,10,2.2,0.3,5.0,0.8,1,0,0,1,0,0.06,0.00,0.06,0.73,4,False
561,55,0,0,0,0,0,0,0,0,0,0,0,-3,0.0,0.1,0.0,0.0,0,1,0,1,1,0.00,0.00,0.00,0.42,1,False
562,0,0,0,0,0,0,0,0,0,0,0,0,0,0.0,0.0,0.0,0.0,0,0,0,0,0,0.00,0.00,0.00,0.00,0,False
563,0,0,0,0,0,0,0,0,0,0,0,0,0,0.0,0.0,0.0,0.0,0,0,0,0,0,0.00,0.00,0.00,0.00,0,False
564,0,0,0,0,0,0,0,0,0,0,0,0,0,0.0,0.0,0.0,0.0,0,0,0,0,0,0.00,0.00,0.00,0.00,0,False
565,90,0,0,0,3,0,0,0,0,0,1,0,-2,12.8,0.0,0.0,1.3,1,4,0,0,1,0.00,0.00,0.00,1.78,1,False
566,0,0,0,0,0,0,0,0,0,0,0,0,0,0.0,0.0,0.0,0.0,0,0,0,0,0,0.00,0.00,0.00,0.00,0,False
567,0,0,0,0,0,0,0,0,0,0,0,0,0,0.0,0.0,0.0,0.0,0,0,0,0,0,0.00,0.00,0.00,0.00,0,False
568,73,0,0,0,3,0,0,0,0,0,0,0,0,11.4,12.4,0.0,2.4,3,3,2,5,1,0.00,0.01,0.01,1.49,1,False
569,0,0,0,0,0,0,0,0,0,0,0,0,0,0.0,0.0,0.0,0.0,0,0,0,0,0,0.00,0.00,0.00,0.00,0,False
570,90,0,0,0,3,0,0,0,0,0,0,0,4,26.0,1.2,25.0,5.2,8,2,3,11,1,0.16,0.01,0.17,1.78,3,False
571,0,0,0,0,0,0,0,0,0,0,0,0,0,0.0,0.0,0.0,0.0,0,0,0,0,0,0.00,0.00,0.00,0.00,0,False
572,0,0,0,0,0,0,0,0,0,0,0,0,0,0.0,0.0,0.0,0.0,0,0,0,0,0,0.00,0.00,0.00,0.00,0,False
573,0,0,0,0,0,0,0,0,0,0,0,0,0,0.0,0.0,0.0,0.0,0,0,0,0,0,0.00,0.00,0.00,0.00,0,False
574,0,0,0,0,0,0,0,0,0,0,0,0,0,0.0,0.0,0.0,0.0,0,0,0,0,0,0.00,0.00,0.00,0.00,0,False
575,37,0,0,0,3,0,0,0,0,1,0,0,-18,0.0,0.6,0.0,0.0,3,2,1,4,1,0.00,0.00,0.00,0.11,-3,False
576,0,0,0,0,0,0,0,0,0,0,0,0,0,0.0,0.0,0.0,0.0,0,0,0,0,0,0.00,0.00,0.00,0.00,0,False
577,0,0,0,0,0,0,0,0,0,0,0,0,0,0.0,0.0,0.0,0.0,0,0,0,0,0,0.00,0.00,0.00,0.00,0,False
578,0,0,0,0,0,0,0,0,0,0,0,0,0,0.0,0.0,0.0,0.0,0,0,0,0,0,0.00,0.00,0.00,0.00,0,False
579,0,0,0,0,0,0,0,0,0,0,0,0,0,0.0,0.0,0.0,0.0,0,0,0,0,0,0.00,0.00,0.00,0.00,0,False
580,23,0,0,0,0,0,0,0,0,0,0,0,3,0.2,0.0,0.0,0.0,0,0,0,0,0,0.00,0.00,0.00,0.30,1,False
581,0,0,0,0,0,0,0,0,0,0,0,0,0,0.0,0.0,0.0,0.0,0,0,0,0,0,0.00,0.00,0.00,0.00,0,False
582,0,0,0,0,0,0,0,0,0,0,0,0,0,0.0,0.0,0.0,0.0,0,0,0,0,0,0.00,0.00,0.00,0.00,0,False
583,0,0,0,0,0,0,0,0,0,0,0,0,0,0.0,0.0,0.0,0.0,0,0,0,0,0,0.00,0.00,0.00,0.00,0,False
584,90,0,0,0,3,0,0,0,0,0,0,0,7,9.8,53.5,33.0,9.6,0,1,0,1,1,0.21,0.17,0.38,1.78,2,False
585,0,0,0,0,0,0,0,0,0,0,0,0,0,0.0,0.0,0.0,0.0,0,0,0,0,0,0.00,0.00,0.00,0.00,0,False
586,0,0,0,0,0,0,0,0,0,0,0,0,0,0.0,0.0,0.0,0.0,0,0,0,0,0,0.00,0.00,0.00,0.00,0,False
587,47,0,0,0,2,0,0,0,1,0,0,0,5,9.6,1.0,0.0,1.1,2,1,3,6,0,0.00,0.00,0.00,0.88,0,False
588,0,0,0,0,0,0,0,0,0,0,0,0,0,0.0,0.0,0.0,0.0,0,0,0,0,0,0.00,0.00,0.00,0.00,0,False
589,0,0,0,0,0,0,0,0,0,0,0,0,0,0.0,0.0,0.0,0.0,0,0,0,0,0,0.00,0.00,0.00,0.00,0,False
590,0,0,0,0,0,0,0,0,0,0,0,0,0,0.0,0.0,0.0,0.0,0,0,0,0,0,0.00,0.00,0.00,0.00,0,False
591,90,0,1,0,3,0,0,0,0,0,0,0,23,32.4,15.6,9.0,5.7,5,3,0,8,1,0.05,0.56,0.61,1.78,5,False
592,0,0,0,0,0,0,0,0,0,0,0,0,0,0.0,0.0,0.0,0.0,0,0,0,0,0,0.00,0.00,0.00,0.00,0,False
593,90,0,0,0,3,0,0,0,1,0,0,0,12,7.2,7.3,15.0,3.0,4,5,2,11,1,0.10,0.01,0.11,1.78,1,False
594,0,0,0,0,0,0,0,0,0,0,0,0,0,0.0,0.0,0.0,0.0,0,0,0,0,0,0.00,0.00,0.00,0.00,0,False
595,0,0,0,0,0,0,0,0,0,0,0,0,0,0.0,0.0,0.0,0.0,0,0,0,0,0,0.00,0.00,0.00,0.00,0,False
596,73,1,0,0,3,0,0,0,0,0,0,1,35,39.0,11.0,54.0,10.4,0,0,1,1,1,0.95,0.00,0.94,1.49,7,False
597,16,0,0,0,0,0,0,0,0,0,0,0,2,0.0,2.2,0.0,0.1,0,1,0,1,0,0.00,0.00,0.00,0.28,1,False
598,0,0,0,0,0,0,0,0,0,0,0,0,0,0.0,0.0,0.0,0.0,0,0,0,0,0,0.00,0.00,0.00,0.00,0,False
599,0,0,0,0,0,0,0,0,0,0,0,0,0,0.0,0.0,0.0,0.0,0,0,0,0,0,0.00,0.00,0.00,0.00,0,False
600,0,0,0,0,0,0,0,0,0,0,0,0,0,0.0,0.0,0.0,0.0,0,0,0,0,0,0.00,0.00,0.00,0.00,0,False
601,0,0,0,0,0,0,0,0,0,0,0,0,0,0.0,0.0,0.0,0.0,0,0,0,0,0,0.00,0.00,0.00,0.00,0,False
602,0,0,0,0,0,0,0,0,0,0,0,0,0,0.0,0.0,0.0,0.0,0,0,0,0,0,0.00,0.00,0.00,0.00,0,False
603,90,0,0,1,0,0,0,0,0,0,0,0,20,10.8,1.1,4.0,1.6,4,4,0,4,1,0.00,0.01,0.01,0.89,6,False
604,0,0,0,0,0,0,0,0,0,0,0,0,0,0.0,0.0,0.0,0.0,0,0,0,0,0,0.00,0.00,0.00,0.00,0,False
605,0,0,0,0,0,0,0,0,0,0,0,0,0,0.0,0.0,0.0,0.0,0,0,0,0,0,0.00,0.00,0.00,0.00,0,False
606,1,0,0,0,0,0,0,0,0,0,0,0,3,2.0,0.0,0.0,0.2,1,0,0,1,0,0.00,0.00,0.00,0.00,1,False
607,0,0,0,0,0,0,0,0,0,0,0,0,0,0.0,0.0,0.0,0.0,0,0,0,0,0,0.00,0.00,0.00,0.00,0,False
608,0,0,0,0,0,0,0,0,0,0,0,0,0,0.0,0.0,0.0,0.0,0,0,0,0,0,0.00,0.00,0.00,0.00,0,False
609,90,0,0,1,0,0,0,0,0,0,0,1,32,18.6,0.2,2.0,2.1,9,4,1,10,1,0.00,0.00,0.00,0.89,9,False
610,90,0,0,1,0,0,0,0,1,0,0,0,26,19.6,12.3,0.0,3.2,11,6,1,12,1,0.00,0.13,0.13,0.89,7,False
611,0,0,0,0,0,0,0,0,0,0,0,0,0,0.0,0.0,0.0,0.0,0,0,0,0,0,0.00,0.00,0.00,0.00,0,False
612,0,0,0,0,0,0,0,0,0,0,0,0,0,0.0,0.0,0.0,0.0,0,0,0,0,0,0.00,0.00,0.00,0.00,0,False
613,90,0,0,1,0,0,0,0,0,0,0,0,11,17.0,5.7,19.0,4.2,7,4,0,11,1,0.10,0.01,0.11,0.89,3,False
614,33,0,0,0,1,0,0,0,0,0,0,0,8,6.2,2.8,0.0,0.9,1,2,1,4,0,0.00,0.01,0.01,0.50,1,False
615,90,1,0,1,0,0,0,0,0,0,0,3,40,43.8,17.3,19.0,8.0,2,6,1,9,1,0.13,0.38,0.51,0.89,11,True
616,0,0,0,0,0,0,0,0,0,0,0,0,0,0.0,0.0,0.0,0.0,0,0,0,0,0,0.00,0.00,0.00,0.00,0,False
617,0,0,0,0,0,0,0,0,0,0,0,0,0,0.0,0.0,0.0,0.0,0,0,0,0,0,0.00,0.00,0.00,0.00,0,False
618,0,0,0,0,0,0,0,0,0,0,0,0,0,0.0,0.0,0.0,0.0,0,0,0,0,0,0.00,0.00,0.00,0.00,0,False
619,0,0,0,0,0,0,0,0,0,0,0,0,0,0.0,0.0,0.0,0.0,0,0,0,0,0,0.00,0.00,0.00,0.00,0,False
620,0,0,0,0,0,0,0,0,0,0,0,0,0,0.0,0.0,0.0,0.0,0,0,0,0,0,0.00,0.00,0.00,0.00,0,False
621,0,0,0,0,0,0,0,0,0,0,0,0,0,0.0,0.0,0.0,0.0,0,0,0,0,0,0.00,0.00,0.00,0.00,0,False
622,0,0,0,0,0,0,0,0,0,0,0,0,0,0.0,0.0,0.0,0.0,0,0,0,0,0,0.00,0.00,0.00,0.00,0,False
623,0,0,0,0,0,0,0,0,0,0,0,0,0,0.0,0.0,0.0,0.0,0,0,0,0,0,0.00,0.00,0.00,0.00,0,False
624,90,0,1,1,0,0,0,0,1,0,0,0,25,30.0,37.3,8.0,7.5,4,6,0,10,1,0.13,0.11,0.24,0.89,4,False
625,0,0,0,0,0,0,0,0,0,0,0,0,0,0.0,0.0,0.0,0.0,0,0,0,0,0,0.00,0.00,0.00,0.00,0,False
626,0,0,0,0,0,0,0,0,0,0,0,0,0,0.0,0.0,0.0,0.0,0,0,0,0,0,0.00,0.00,0.00,0.00,0,False
627,0,0,0,0,0,0,0,0,0,0,0,0,0,0.0,0.0,0.0,0.0,0,0,0,0,0,0.00,0.00,0.00,0.00,0,False
628,90,0,0,0,1,0,0,0,0,0,5,0,20,29.8,0.0,0.0,3.0,5,15,0,0,1,0.00,0.00,0.00,1.83,3,False
629,0,0,0,0,0,0,0,0,0,0,0,0,0,0.0,0.0,0.0,0.0,0,0,0,0,0,0.00,0.00,0.00,0.00,0,False
630,0,0,0,0,0,0,0,0,0,0,0,0,0,0.0,0.0,0.0,0.0,0,0,0,0,0,0.00,0.00,0.00,0.00,0,False
631,0,0,0,0,0,0,0,0,0,0,0,0,0,0.0,0.0,0.0,0.0,0,0,0,0,0,0.00,0.00,0.00,0.00,0,False
632,58,0,0,0,0,0,0,0,0,0,0,0,4,5.6,0.4,0.0,0.6,5,2,0,5,1,0.00,0.00,0.00,1.17,1,False
633,11,0,0,0,1,0,0,0,0,0,0,0,-1,4.0,0.8,2.0,0.7,1,0,1,2,0,0.00,0.01,0.01,0.62,1,False
634,31,0,0,0,1,0,0,0,0,0,0,0,4,8.2,0.3,17.0,2.6,2,0,1,3,0,0.04,0.00,0.04,0.66,1,False
635,20,1,0,0,1,0,0,0,0,0,0,0,15,35.2,2.8,19.0,5.7,0,0,1,1,0,0.31,0.00,0.31,0.64,7,False
636,90,0,0,0,1,0,0,0,1,0,0,0,16,12.0,0.0,4.0,1.6,6,2,1,7,1,0.00,0.00,0.00,1.83,1,False
637,0,0,0,0,0,0,0,0,0,0,0,0,0,0.0,0.0,0.0,0.0,0,0,0,0,0,0.00,0.00,0.00,0.00,0,False
638,0,0,0,0,0,0,0,0,0,0,0,0,0,0.0,0.0,0.0,0.0,0,0,0,0,0,0.00,0.00,0.00,0.00,0,False
639,0,0,0,0,0,0,0,0,0,0,0,0,0,0.0,0.0,0.0,0.0,0,0,0,0,0,0.00,0.00,0.00,0.00,0,False
640,0,0,0,0,0,0,0,0,0,0,0,0,0,0.0,0.0,0.0,0.0,0,0,0,0,0,0.00,0.00,0.00,0.00,0,False
641,0,0,0,0,0,0,0,0,0,0,0,0,0,0.0,0.0,0.0,0.0,0,0,0,0,0,0.00,0.00,0.00,0.00,0,False
642,0,0,0,0,0,0,0,0,0,0,0,0,0,0.0,0.0,0.0,0.0,0,0,0,0,0,0.00,0.00,0.00,0.00,0,False
643,90,1,0,0,1,0,0,0,0,0,0,3,46,57.4,15.2,7.0,8.0,4,11,5,20,1,0.06,0.05,0.11,1.83,12,True
644,30,0,0,0,1,0,0,0,0,0,0,0,2,2.6,13.1,0.0,1.6,1,3,1,5,0,0.00,0.00,0.00,0.66,1,False
645,0,0,0,0,0,0,0,0,0,0,0,0,0,0.0,0.0,0.0,0.0,0,0,0,0,0,0.00,0.00,0.00,0.00,0,False
646,90,0,0,0,1,0,0,0,1,0,0,0,21,17.4,5.7,1.0,2.4,1,9,6,16,1,0.03,0.01,0.04,1.83,3,False
647,0,0,0,0,0,0,0,0,0,0,0,0,0,0.0,0.0,0.0,0.0,0,0,0,0,0,0.00,0.00,0.00,0.00,0,False
648,0,0,0,0,0,0,0,0,0,0,0,0,0,0.0,0.0,0.0,0.0,0,0,0,0,0,0.00,0.00,0.00,0.00,0,False
649,0,0,0,0,0,0,0,0,0,0,0,0,0,0.0,0.0,0.0,0.0,0,0,0,0,0,0.00,0.00,0.00,0.00,0,False
650,0,0,0,0,0,0,0,0,0,0,0,0,0,0.0,0.0,0.0,0.0,0,0,0,0,0,0.00,0.00,0.00,0.00,0,False
651,0,0,0,0,0,0,0,0,0,0,0,0,0,0.0,0.0,0.0,0.0,0,0,0,0,0,0.00,0.00,0.00,0.00,0,False
652,0,0,0,0,0,0,0,0,0,0,0,0,0,0.0,0.0,0.0,0.0,0,0,0,0,0,0.00,0.00,0.00,0.00,0,False
653,0,0,0,0,0,0,0,0,0,0,0,0,0,0.0,0.0,0.0,0.0,0,0,0,0,0,0.00,0.00,0.00,0.00,0,False
654,80,1,0,0,1,0,0,0,1,0,0,0,31,38.0,13.8,23.0,7.5,3,1,1,5,1,0.17,0.12,0.29,1.36,5,False
655,0,0,0,0,0,0,0,0,0,0,0,0,0,0.0,0.0,0.0,0.0,0,0,0,0,0,0.00,0.00,0.00,0.00,0,False
656,0,0,0,0,0,0,0,0,0,0,0,0,0,0.0,0.0,0.0,0.0,0,0,0,0,0,0.00,0.00,0.00,0.00,0,False
657,0,0,0,0,0,0,0,0,0,0,0,0,0,0.0,0.0,0.0,0.0,0,0,0,0,0,0.00,0.00,0.00,0.00,0,False
658,0,0,0,0,0,0,0,0,0,0,0,0,0,0.0,0.0,0.0,0.0,0,0,0,0,0,0.00,0.00,0.00,0.00,0,False
659,0,0,0,0,0,0,0,0,0,0,0,0,0,0.0,0.0,0.0,0.0,0,0,0,0,0,0.00,0.00,0.00,0.00,0,False
660,90,0,0,0,1,0,0,0,0,0,0,0,20,24.4,35.4,13.0,7.3,3,4,6,13,1,0.16,0.20,0.36,0.86,4,False
661,90,0,0,0,2,0,0,0,0,0,0,0,8,5.2,26.6,19.0,5.1,1,4,1,6,1,0.06,0.39,0.45,0.44,2,False
662,63,0,0,1,0,0,0,0,1,0,0,0,24,15.2,0.3,0.0,1.6,8,1,1,9,1,0.00,0.00,0.00,0.64,5,False
663,0,0,0,0,0,0,0,0,0,0,0,0,0,0.0,0.0,0.0,0.0,0,0,0,0,0,0.00,0.00,0.00,0.00,0,False
664,0,0,0,0,0,0,0,0,0,0,0,0,0,0.0,0.0,0.0,0.0,0,0,0,0,0,0.00,0.00,0.00,0.00,0,False
665,0,0,0,0,0,0,0,0,0,0,0,0,0,0.0,0.0,0.0,0.0,0,0,0,0,0,0.00,0.00,0.00,0.00,0,False
666,58,0,0,0,0,0,0,0,0,0,0,0,-1,0.0,14.8,6.0,2.0,0,4,0,4,1,0.00,0.02,0.02,0.55,1,False
667,0,0,0,0,0,0,0,0,0,0,0,0,0,0.0,0.0,0.0,0.0,0,0,0,0,0,0.00,0.00,0.00,0.00,0,False
668,35,0,0,0,0,0,0,0,0,0,0,0,5,7.6,11.3,4.0,2.3,3,4,0,7,0,0.00,0.01,0.01,0.73,1,False
669,0,0,0,0,0,0,0,0,0,0,0,0,0,0.0,0.0,0.0,0.0,0,0,0,0,0,0.00,0.00,0.00,0.00,0,False
670,0,0,0,0,0,0,0,0,0,0,0,0,0,0.0,0.0,0.0,0.0,0,0,0,0,0,0.00,0.00,0.00,0.00,0,False
671,59,0,0,0,0,0,0,0,0,0,0,0,-4,0.0,0.2,11.0,0.8,1,1,0,2,1,0.60,0.00,0.60,0.43,1,False
672,90,0,0,0,1,0,0,0,0,0,0,0,11,11.4,0.8,4.0,1.6,2,2,2,4,1,0.04,0.00,0.04,0.78,2,False
673,90,0,0,0,3,0,0,0,0,0,0,0,14,17.2,13.8,5.0,3.6,7,2,3,12,1,0.03,0.00,0.03,1.78,4,False
674,90,0,0,0,1,0,0,0,0,0,4,0,13,28.4,0.0,0.0,2.8,0,5,0,0,1,0.00,0.00,0.00,1.48,3,False
675,0,0,0,0,0,0,0,0,0,0,0,0,0,0.0,0.0,0.0,0.0,0,0,0,0,0,0.00,0.00,0.00,0.00,0,False
676,82,0,0,0,2,0,0,0,0,0,0,0,13,5.0,1.5,0.0,0.7,0,4,1,5,1,0.00,0.01,0.01,1.30,2,False
677,66,0,0,0,1,0,0,0,0,0,0,0,5,0.2,2.7,0.0,0.3,0,4,0,4,1,0.00,0.04,0.04,1.28,2,False
678,0,0,0,0,0,0,0,0,0,0,0,0,0,0.0,0.0,0.0,0.0,0,0,0,0,0,0.00,0.00,0.00,0.00,0,False
679,90,0,0,1,0,0,0,0,0,0,5,2,38,39.8,0.0,0.0,4.0,0,11,0,0,1,0.00,0.00,0.00,0.89,9,False
680,0,0,0,0,0,0,0,0,0,0,0,0,0,0.0,0.0,0.0,0.0,0,0,0,0,0,0.00,0.00,0.00,0.00,0,False
681,90,0,0,0,2,0,0,0,0,0,0,0,4,0.0,3.3,12.0,1.5,0,1,0,1,1,0.32,0.01,0.33,2.48,2,False
682,78,0,0,1,0,0,0,0,0,0,0,0,19,9.0,0.3,2.0,1.1,3,1,2,5,1,0.00,0.00,0.00,1.22,6,False
683,90,0,0,1,0,0,0,0,1,0,0,0,22,48.6,0.2,2.0,5.1,22,1,1,23,1,0.00,0.00,0.00,1.15,7,False
684,90,0,0,0,1,0,0,0,0,0,0,0,5,27.6,0.5,33.0,6.1,10,0,0,10,1,0.59,0.01,0.60,1.48,4,False
685,0,0,0,0,0,0,0,0,0,0,0,0,0,0.0,0.0,0.0,0.0,0,0,0,0,0,0.00,0.00,0.00,0.00,0,False
686,25,0,0,0,2,0,0,0,0,0,0,0,12,11.0,26.1,21.0,5.8,0,2,0,2,0,0.08,0.28,0.36,0.44,1,False
687,0,0,0,0,0,0,0,0,0,0,0,0,0,0.0,0.0,0.0,0.0,0,0,0,0,0,0.00,0.00,0.00,0.00,0,False
688,0,0,0,0,0,0,0,0,0,0,0,0,0,0.0,0.0,0.0,0.0,0,0,0,0,0,0.00,0.00,0.00,0.00,0,False
689,0,0,0,0,0,0,0,0,0,0,0,0,0,0.0,0.0,0.0,0.0,0,0,0,0,0,0.00,0.00,0.00,0.00,0,False
690,0,0,0,0,0,0,0,0,0,0,0,0,0,0.0,0.0,0.0,0.0,0,0,0,0,0,0.00,0.00,0.00,0.00,0,False
691,90,0,0,0,1,0,0,0,0,0,0,0,5,4.4,2.8,6.0,1.3,3,1,0,4,1,0.08,0.00,0.08,0.86,2,False
692,0,0,0,0,0,0,0,0,0,0,0,0,0,0.0,0.0,0.0,0.0,0,0,0,0,0,0.00,0.00,0.00,0.00,0,False
693,0,0,0,0,0,0,0,0,0,0,0,0,0,0.0,0.0,0.0,0.0,0,0,0,0,0,0.00,0.00,0.00,0.00,0,False
694,0,0,0,0,0,0,0,0,0,0,0,0,0,0.0,0.0,0.0,0.0,0,0,0,0,0,0.00,0.00,0.00,0.00,0,False
695,90,0,1,0,1,0,0,0,0,0,0,0,20,34.0,15.3,2.0,5.1,4,4,2,6,1,0.00,0.03,0.03,1.83,5,False
696,0,0,0,0,0,0,0,0,0,0,0,0,0,0.0,0.0,0.0,0.0,0,0,0,0,0,0.00,0.00,0.00,0.00,0,False
697,16,0,0,0,0,0,0,0,0,0,0,0,5,5.0,0.3,9.0,1.4,1,2,0,3,0,0.04,0.00,0.04,0.23,1,False
698,0,0,0,0,0,0,0,0,0,0,0,0,0,0.0,0.0,0.0,0.0,0,0,0,0,0,0.00,0.00,0.00,0.00,0,False
699,62,1,0,0,3,0,0,0,0,0,0,0,29,34.2,3.1,17.0,5.4,1,4,0,5,1,0.14,0.02,0.16,2.26,7,False
700,0,0,0,0,0,0,0,0,0,0,0,0,0,0.0,0.0,0.0,0.0,0,0,0,0,0,0.00,0.00,0.00,0.00,0,False
701,0,0,0,0,0,0,0,0,0,0,0,0,0,0.0,0.0,0.0,0.0,0,0,0,0,0,0.00,0.00,0.00,0.00,0,False
702,0,0,0,0,0,0,0,0,0,0,0,0,0,0.0,0.0,0.0,0.0,0,0,0,0,0,0.00,0.00,0.00,0.00,0,False
703,0,0,0,0,0,0,0,0,0,0,0,0,0,0.0,0.0,0.0,0.0,0,0,0,0,0,0.00,0.00,0.00,0.00,0,False
704,0,0,0,0,0,0,0,0,0,0,0,0,0,0.0,0.0,0.0,0.0,0,0,0,0,0,0.00,0.00,0.00,0.00,0,False
705,0,0,0,0,0,0,0,0,0,0,0,0,0,0.0,0.0,0.0,0.0,0,0,0,0,0,0.00,0.00,0.00,0.00,0,False
706,73,0,0,0,1,0,0,0,0,0,0,0,12,16.6,2.3,0.0,1.9,4,5,4,8,1,0.00,0.01,0.01,0.86,2,False
707,1,0,0,0,0,0,0,0,0,0,0,0,3,0.0,0.0,0.0,0.0,0,0,0,0,0,0.00,0.00,0.00,0.67,1,False
708,90,0,0,1,0,0,0,0,1,0,0,0,5,2.2,1.0,3.0,0.6,2,2,1,5,1,0.03,0.01,0.04,0.89,2,False
709,90,0,0,0,1,0,0,0,0,0,0,0,9,16.6,0.0,0.0,1.7,8,1,2,10,1,0.00,0.00,0.00,1.83,4,False
710,0,0,0,0,0,0,0,0,0,0,0,0,0,0.0,0.0,0.0,0.0,0,0,0,0,0,0.00,0.00,0.00,0.00,0,False
711,0,0,0,0,0,0,0,0,0,0,0,0,0,0.0,0.0,0.0,0.0,0,0,0,0,0,0.00,0.00,0.00,0.00,0,False
712,0,0,0,0,0,0,0,0,0,0,0,0,0,0.0,0.0,0.0,0.0,0,0,0,0,0,0.00,0.00,0.00,0.00,0,False
713,90,0,0,1,0,0,0,0,0,0,0,2,30,16.4,25.8,8.0,5.0,5,5,2,7,1,0.03,0.39,0.42,0.40,8,False
714,0,0,0,0,0,0,0,0,0,0,0,0,0,0.0,0.0,0.0,0.0,0,0,0,0,0,0.00,0.00,0.00,0.00,0,False
715,0,0,0,0,0,0,0,0,0,0,0,0,0,0.0,0.0,0.0,0.0,0,0,0,0,0,0.00,0.00,0.00,0.00,0,False
716,0,0,0,0,0,0,0,0,0,0,0,0,0,0.0,0.0,0.0,0.0,0,0,0,0,0,0.00,0.00,0.00,0.00,0,False
717,16,0,0,0,0,0,0,0,0,0,0,0,9,8.4,14.8,2.0,2.5,2,1,1,4,0,0.09,0.15,0.24,0.28,1,False
718,30,0,0,0,0,0,0,0,0,0,0,0,6,8.2,0.2,0.0,0.8,2,1,2,5,0,0.00,0.00,0.00,0.46,1,False
719,0,0,0,0,0,0,0,0,0,0,0,0,0,0.0,0.0,0.0,0.0,0,0,0,0,0,0.00,0.00,0.00,0.00,0,False
720,30,0,1,0,1,0,0,0,0,0,0,0,19,23.2,10.9,4.0,3.8,3,0,0,3,0,0.00,0.01,0.01,0.66,4,False
721,0,0,0,0,0,0,0,0,0,0,0,0,0,0.0,0.0,0.0,0.0,0,0,0,0,0,0.00,0.00,0.00,0.00,0,False
722,56,0,0,0,1,0,0,0,0,0,0,0,10,10.4,3.6,0.0,1.4,5,2,0,7,1,0.00,0.01,0.01,0.81,1,False
723,90,0,0,0,1,0,0,0,0,0,0,0,12,17.6,13.7,7.0,3.8,5,2,1,6,1,0.18,0.04,0.22,1.58,2,False
724,54,0,0,0,0,0,0,0,0,0,0,0,3,0.8,2.3,0.0,0.3,1,0,1,2,1,0.00,0.01,0.01,0.42,1,False
725,90,0,0,1,0,0,0,0,0,0,0,1,25,26.4,0.7,0.0,2.7,13,4,3,16,1,0.00,0.00,0.00,0.82,9,False
726,42,0,0,0,1,0,0,0,0,0,0,0,-1,7.2,0.6,0.0,0.8,3,2,1,6,1,0.00,0.00,0.00,0.89,1,False
727,90,0,0,0,1,0,0,0,0,0,0,0,11,11.0,13.6,11.0,3.6,2,3,0,5,1,0.03,0.14,0.17,1.09,2,False
728,0,0,0,0,0,0,0,0,0,0,0,0,0,0.0,0.0,0.0,0.0,0,0,0,0,0,0.00,0.00,0.00,0.00,0,False
729,0,0,0,0,0,0,0,0,0,0,0,0,0,0.0,0.0,0.0,0.0,0,0,0,0,0,0.00,0.00,0.00,0.00,0,False
730,0,0,0,0,0,0,0,0,0,0,0,0,0,0.0,0.0,0.0,0.0,0,0,0,0,0,0.00,0.00,0.00,0.00,0,False
731,0,0,0,0,0,0,0,0,0,0,0,0,0,0.0,0.0,0.0,0.0,0,0,0,0,0,0.00,0.00,0.00,0.00,0,False
732,9,0,0,0,0,0,0,0,0,0,0,0,4,2.4,0.6,5.0,0.8,1,0,0,1,0,0.10,0.00,0.10,0.22,1,False
733,90,0,0,0,2,0,0,0,0,0,3,0,8,22.4,0.0,0.0,2.2,0,7,0,0,1,0.00,0.00,0.00,2.48,2,False
734,0,0,0,0,0,0,0,0,0,0,0,0,0,0.0,0.0,0.0,0.0,0,0,0,0,0,0.00,0.00,0.00,0.00,0,False
735,6,0,0,0,0,0,0,0,0,0,0,0,3,0.0,0.2,0.0,0.0,0,0,0,0,0,0.00,0.00,0.00,0.13,1,False
736,90,0,0,0,2,0,0,0,0,0,2,0,5,19.4,0.0,0.0,1.9,0,4,0,0,1,0.00,0.00,0.00,0.97,1,False
737,0,0,0,0,0,0,0,0,0,0,0,0,0,0.0,0.0,0.0,0.0,0,0,0,0,0,0.00,0.00,0.00,0.00,0,False
738,0,0,0,0,0,0,0,0,0,0,0,0,0,0.0,0.0,0.0,0.0,0,0,0,0,0,0.00,0.00,0.00,0.00,0,False
739,0,0,0,0,0,0,0,0,0,0,0,0,0,0.0,0.0,0.0,0.0,0,0,0,0,0,0.00,0.00,0.00,0.00,0,False
740,0,0,0,0,0,0,0,0,0,0,0,0,0,0.0,0.0,0.0,0.0,0,0,0,0,0,0.00,0.00,0.00,0.00,0,False
741,0,0,0,0,0,0,0,0,0,0,0,0,0,0.0,0.0,0.0,0.0,0,0,0,0,0,0.00,0.00,0.00,0.00,0,False
742,0,0,0,0,0,0,0,0,0,0,0,0,0,0.0,0.0,0.0,0.0,0,0,0,0,0,0.00,0.00,0.00,0.00,0,False
743,0,0,0,0,0,0,0,0,0,0,0,0,0,0.0,0.0,0.0,0.0,0,0,0,0,0,0.00,0.00,0.00,0.00,0,False
744,0,0,0,0,0,0,0,0,0,0,0,0,0,0.0,0.0,0.0,0.0,0,0,0,0,0,0.00,0.00,0.00,0.00,0,False
745,0,0,0,0,0,0,0,0,0,0,0,0,0,0.0,0.0,0.0,0.0,0,0,0,0,0,0.00,0.00,0.00,0.00,0,False
746,0,0,0,0,0,0,0,0,0,0,0,0,0,0.0,0.0,0.0,0.0,0,0,0,0,0,0.00,0.00,0.00,0.00,0,False
747,0,0,0,0,0,0,0,0,0,0,0,0,0,0.0,0.0,0.0,0.0,0,0,0,0,0,0.00,0.00,0.00,0.00,0,False
748,0,0,0,0,0,0,0,0,0,0,0,0,0,0.0,0.0,0.0,0.0,0,0,0,0,0,0.00,0.00,0.00,0.00,0,False
749,69,0,0,1,0,0,0,0,0,0,0,0,3,0.0,1.3,2.0,0.1,1,3,0,4,1,0.00,0.01,0.01,1.19,2,False
750,0,0,0,0,0,0,0,0,0,0,0,0,0,0.0,0.0,0.0,0.0,0,0,0,0,0,0.00,0.00,0.00,0.00,0,False
751,0,0,0,0,0,0,0,0,0,0,0,0,0,0.0,0.0,0.0,0.0,0,0,0,0,0,0.00,0.00,0.00,0.00,0,False
752,0,0,0,0,0,0,0,0,0,0,0,0,0,0.0,0.0,0.0,0.0,0,0,0,0,0,0.00,0.00,0.00,0.00,0,False
753,0,0,0,0,0,0,0,0,0,0,0,0,0,0.0,0.0,0.0,0.0,0,0,0,0,0,0.00,0.00,0.00,0.00,0,False
754,0,0,0,0,0,0,0,0,0,0,0,0,0,0.0,0.0,0.0,0.0,0,0,0,0,0,0.00,0.00,0.00,0.00,0,False
755,0,0,0,0,0,0,0,0,0,0,0,0,0,0.0,0.0,0.0,0.0,0,0,0,0,0,0.00,0.00,0.00,0.00,0,False
756,0,0,0,0,0,0,0,0,0,0,0,0,0,0.0,0.0,0.0,0.0,0,0,0,0,0,0.00,0.00,0.00,0.00,0,False
757,0,0,0,0,0,0,0,0,0,0,0,0,0,0.0,0.0,0.0,0.0,0,0,0,0,0,0.00,0.00,0.00,0.00,0,False
758,1,0,0,0,0,0,0,0,1,0,0,0,-1,0.0,0.1,0.0,0.0,0,1,0,1,0,0.00,0.00,0.00,0.00,0,False
759,0,0,0,0,0,0,0,0,0,0,0,0,0,0.0,0.0,0.0,0.0,0,0,0,0,0,0.00,0.00,0.00,0.00,0,False
760,0,0,0,0,0,0,0,0,0,0,0,0,0,0.0,0.0,0.0,0.0,0,0,0,0,0,0.00,0.00,0.00,0.00,0,False
761,0,0,0,0,0,0,0,0,0,0,0,0,0,0.0,0.0,0.0,0.0,0,0,0,0,0,0.00,0.00,0.00,0.00,0,False
762,0,0,0,0,0,0,0,0,0,0,0,0,0,0.0,0.0,0.0,0.0,0,0,0,0,0,0.00,0.00,0.00,0.00,0,False
763,0,0,0,0,0,0,0,0,0,0,0,0,0,0.0,0.0,0.0,0.0,0,0,0,0,0,0.00,0.00,0.00,0.00,0,False
764,0,0,0,0,0,0,0,0,0,0,0,0,0,0.0,0.0,0.0,0.0,0,0,0,0,0,0.00,0.00,0.00,0.00,0,False
765,0,0,0,0,0,0,0,0,0,0,0,0,0,0.0,0.0,0.0,0.0,0,0,0,0,0,0.00,0.00,0.00,0.00,0,False
766,0,0,0,0,0,0,0,0,0,0,0,0,0,0.0,0.0,0.0,0.0,0,0,0,0,0,0.00,0.00,0.00,0.00,0,False
767,0,0,0,0,0,0,0,0,0,0,0,0,0,0.0,0.0,0.0,0.0,0,0,0,0,0,0.00,0.00,0.00,0.00,0,False
768,0,0,0,0,0,0,0,0,0,0,0,0,0,0.0,0.0,0.0,0.0,0,0,0,0,0,0.00,0.00,0.00,0.00,0,False
769,0,0,0,0,0,0,0,0,0,0,0,0,0,0.0,0.0,0.0,0.0,0,0,0,0,0,0.00,0.00,0.00,0.00,0,False
770,0,0,0,0,0,0,0,0,0,0,0,0,0,0.0,0.0,0.0,0.0,0,0,0,0,0,0.00,0.00,0.00,0.00,0,False
771,0,0,0,0,0,0,0,0,0,0,0,0,0,0.0,0.0,0.0,0.0,0,0,0,0,0,0.00,0.00,0.00,0.00,0,False
772,0,0,0,0,0,0,0,0,0,0,0,0,0,0.0,0.0,0.0,0.0,0,0,0,0,0,0.00,0.00,0.00,0.00,0,False
773,0,0,0,0,0,0,0,0,0,0,0,0,0,0.0,0.0,0.0,0.0,0,0,0,0,0,0.00,0.00,0.00,0.00,0,False
774,0,0,0,0,0,0,0,0,0,0,0,0,0,0.0,0.0,0.0,0.0,0,0,0,0,0,0.00,0.00,0.00,0.00,0,False
775,0,0,0,0,0,0,0,0,0,0,0,0,0,0.0,0.0,0.0,0.0,0,0,0,0,0,0.00,0.00,0.00,0.00,0,False
776,0,0,0,0,0,0,0,0,0,0,0,0,0,0.0,0.0,0.0,0.0,0,0,0,0,0,0.00,0.00,0.00,0.00,0,False
777,0,0,0,0,0,0,0,0,0,0,0,0,0,0.0,0.0,0.0,0.0,0,0,0,0,0,0.00,0.00,0.00,0.00,0,False
778,0,0,0,0,0,0,0,0,0,0,0,0,0,0.0,0.0,0.0,0.0,0,0,0,0,0,0.00,0.00,0.00,0.00,0,False
779,0,0,0,0,0,0,0,0,0,0,0,0,0,0.0,0.0,0.0,0.0,0,0,0,0,0,0.00,0.00,0.00,0.00,0,False
780,0,0,0,0,0,0,0,0,0,0,0,0,0,0.0,0.0,0.0,0.0,0,0,0,0,0,0.00,0.00,0.00,0.00,0,False
781,0,0,0,0,0,0,0,0,0,0,0,0,0,0.0,0.0,0.0,0.0,0,0,0,0,0,0.00,0.00,0.00,0.00,0,False
782,0,0,0,0,0,0,0,0,0,0,0,0,0,0.0,0.0,0.0,0.0,0,0,0,0,0,0.00,0.00,0.00,0.00,0,False
783,90,0,0,0,1,0,0,0,0,0,0,0,15,12.0,7.7,2.0,2.2,1,2,3,6,1,0.00,0.08,0.08,0.47,2,False
784,0,0,0,0,0,0,0,0,0,0,0,0,0,0.0,0.0,0.0,0.0,0,0,0,0,0,0.00,0.00,0.00,0.00,0,False
785,0,0,0,0,0,0,0,0,0,0,0,0,0,0.0,0.0,0.0,0.0,0,0,0,0,0,0.00,0.00,0.00,0.00,0,False
786,0,0,0,0,0,0,0,0,0,0,0,0,0,0.0,0.0,0.0,0.0,0,0,0,0,0,0.00,0.00,0.00,0.00,0,False
787,0,0,0,0,0,0,0,0,0,0,0,0,0,0.0,0.0,0.0,0.0,0,0,0,0,0,0.00,0.00,0.00,0.00,0,False
788,0,0,0,0,0,0,0,0,0,0,0,0,0,0.0,0.0,0.0,0.0,0,0,0,0,0,0.00,0.00,0.00,0.00,0,False
789,0,0,0,0,0,0,0,0,0,0,0,0,0,0.0,0.0,0.0,0.0,0,0,0,0,0,0.00,0.00,0.00,0.00,0,False
790,0,0,0,0,0,0,0,0,0,0,0,0,0,0.0,0.0,0.0,0.0,0,0,0,0,0,0.00,0.00,0.00,0.00,0,False
791,87,0,0,1,0,0,0,0,0,0,0,0,13,11.8,33.3,19.0,6.4,1,2,0,3,1,0.10,0.04,0.14,0.84,2,False
792,27,0,0,0,1,0,0,0,0,0,0,0,2,0.0,2.0,4.0,0.4,0,2,0,2,0,0.05,0.01,0.06,1.34,1,False
793,0,0,0,0,0,0,0,0,0,0,0,0,0,0.0,0.0,0.0,0.0,0,0,0,0,0,0.00,0.00,0.00,0.00,0,False
794,0,0,0,0,0,0,0,0,0,0,0,0,0,0.0,0.0,0.0,0.0,0,0,0,0,0,0.00,0.00,0.00,0.00,0,False
795,13,0,0,0,0,0,0,0,0,0,0,0,2,3.0,0.7,0.0,0.4,1,1,1,3,0,0.00,0.00,0.00,0.04,1,False
796,47,0,0,0,2,0,0,0,0,0,0,0,2,2.4,0.8,0.0,0.3,1,2,0,3,0,0.00,0.00,0.00,0.88,1,False
797,0,0,0,0,0,0,0,0,0,0,0,0,0,0.0,0.0,0.0,0.0,0,0,0,0,0,0.00,0.00,0.00,0.00,0,False
798,0,0,0,0,0,0,0,0,0,0,0,0,0,0.0,0.0,0.0,0.0,0,0,0,0,0,0.00,0.00,0.00,0.00,0,False
799,0,0,0,0,0,0,0,0,0,0,0,0,0,0.0,0.0,0.0,0.0,0,0,0,0,0,0.00,0.00,0.00,0.00,0,False
800,0,0,0,0,0,0,0,0,0,0,0,0,0,0.0,0.0,0.0,0.0,0,0,0,0,0,0.00,0.00,0.00,0.00,0,False
801,0,0,0,0,0,0,0,0,0,0,0,0,0,0.0,0.0,0.0,0.0,0,0,0,0,0,0.00,0.00,0.00,0.00,0,False
802,0,0,0,0,0,0,0,0,0,0,0,0,0,0.0,0.0,0.0,0.0,0,0,0,0,0,0.00,0.00,0.00,0.00,0,False
803,0,0,0,0,0,0,0,0,0,0,0,0,0,0.0,0.0,0.0,0.0,0,0,0,0,0,0.00,0.00,0.00,0.00,0,False
804,42,0,0,0,1,0,0,0,1,0,0,0,-6,0.4,10.8,4.0,1.5,1,0,0,1,1,0.00,0.00,0.00,0.89,0,False
805,0,0,0,0,0,0,0,0,0,0,0,0,0,0.0,0.0,0.0,0.0,0,0,0,0,0,0.00,0.00,0.00,0.00,0,False
806,0,0,0,0,0,0,0,0,0,0,0,0,0,0.0,0.0,0.0,0.0,0,0,0,0,0,0.00,0.00,0.00,0.00,0,False
807,73,0,0,1,0,0,0,0,0,0,0,0,8,8.2,5.1,6.0,1.9,3,3,2,8,1,0.00,0.04,0.04,0.17,3,False
808,19,0,0,0,0,0,0,0,0,0,0,0,1,0.2,1.3,6.0,0.8,0,0,1,1,0,0.25,0.00,0.25,0.37,1,False
809,0,0,0,0,0,0,0,0,0,0,0,0,0,0.0,0.0,0.0,0.0,0,0,0,0,0,0.00,0.00,0.00,0.00,0,False
810,0,0,0,0,0,0,0,0,0,0,0,0,0,0.0,0.0,0.0,0.0,0,0,0,0,0,0.00,0.00,0.00,0.00,0,False
811,0,0,0,0,0,0,0,0,0,0,0,0,0,0.0,0.0,0.0,0.0,0,0,0,0,0,0.00,0.00,0.00,0.00,0,False
812,90,0,0,1,0,0,0,0,0,0,4,3,32,25.6,0.0,0.0,2.6,2,11,0,0,1,0.00,0.00,0.00,1.15,10,True
813,87,0,0,1,0,0,0,0,0,0,0,0,10,11.2,0.5,0.0,1.2,4,3,3,10,1,0.00,0.01,0.01,0.73,3,False
814,0,0,0,0,0,0,0,0,0,0,0,0,0,0.0,0.0,0.0,0.0,0,0,0,0,0,0.00,0.00,0.00,0.00,0,False
815,90,0,0,1,0,0,0,0,0,0,0,0,23,12.6,0.3,0.0,1.3,5,1,1,6,1,0.00,0.00,0.00,0.89,6,False
816,59,0,0,0,0,0,0,0,0,0,0,0,3,3.4,6.3,0.0,1.0,0,2,2,4,1,0.00,0.01,0.01,1.17,1,False
817,59,0,0,0,0,0,0,0,0,0,0,0,5,6.2,0.6,2.0,0.9,3,1,1,5,1,0.00,0.00,0.00,1.17,1,False
818,0,0,0,0,0,0,0,0,0,0,0,0,0,0.0,0.0,0.0,0.0,0,0,0,0,0,0.00,0.00,0.00,0.00,0,False
819,0,0,0,0,0,0,0,0,0,0,0,0,0,0.0,0.0,0.0,0.0,0,0,0,0,0,0.00,0.00,0.00,0.00,0,False
820,0,0,0,0,0,0,0,0,0,0,0,0,0,0.0,0.0,0.0,0.0,0,0,0,0,0,0.00,0.00,0.00,0.00,0,False
