player_id,minutes,goals_scored,assists,clean_sheets,goals_conceded,own_goals,penalties_saved,penalties_missed,yellow_cards,red_cards,saves,bonus,bps,influence,creativity,threat,ict_index,clearances_blocks_interceptions,recoveries,tackles,defensive_contribution,starts,expected_goals,expected_assists,expected_goal_involvements,expected_goals_conceded,total_points,in_dreamteam,played
1,90,0,0,0,1,0,0,0,0,0,4,0,15,28.8,0.0,0.0,2.9,2,11,0,0,1,0.00,0.01,0.01,0.39,3,False,True
2,0,0,0,0,0,0,0,0,0,0,0,0,0,0.0,0.0,0.0,0.0,0,0,0,0,0,0.00,0.00,0.00,0.00,0,False,False
3,0,0,0,0,0,0,0,0,0,0,0,0,0,0.0,0.0,0.0,0.0,0,0,0,0,0,0.00,0.00,0.00,0.00,0,False,False
4,90,0,0,0,1,0,0,0,0,0,0,0,10,23.6,2.4,76.0,10.2,7,4,0,7,1,0.31,0.02,0.33,0.39,2,False,True
5,0,0,0,0,0,0,0,0,0,0,0,0,0,0.0,0.0,0.0,0.0,0,0,0,0,0,0.00,0.00,0.00,0.00,0,False,False
6,0,0,0,0,0,0,0,0,0,0,0,0,0,0.0,0.0,0.0,0.0,0,0,0,0,0,0.00,0.00,0.00,0.00,0,False,False
7,66,0,0,0,1,0,0,0,0,0,0,0,5,0.0,12.7,4.0,1.0,0,2,0,2,1,0.03,0.10,0.13,0.26,2,False,True
8,66,0,0,0,1,0,0,0,0,0,0,0,0,4.4,3.2,26.0,3.4,0,1,1,1,1,0.39,0.03,0.42,0.26,2,False,True
9,23,0,0,0,0,0,0,0,0,0,0,0,3,6.0,0.5,2.0,0.9,2,0,1,3,0,0.00,0.00,0.00,0.13,1,False,True
10,90,0,0,0,1,0,0,0,0,0,0,0,11,15.8,5.1,10.0,3.1,4,4,2,6,1,0.00,0.03,0.03,0.39,2,False,True
11,0,0,0,0,0,0,0,0,0,0,0,0,0,0.0,0.0,0.0,0.0,0,0,0,0,0,0.00,0.00,0.00,0.00,0,False,False
12,89,0,0,0,1,0,0,0,0,0,0,0,13,10.6,27.8,70.0,10.8,1,2,1,4,1,0.23,0.23,0.46,0.39,2,False,True
13,90,0,1,0,1,0,0,0,0,0,0,0,22,33.8,19.9,2.0,5.6,5,1,0,6,1,0.03,0.08,0.11,0.39,5,False,True
14,0,0,0,0,0,0,0,0,0,0,0,0,0,0.0,0.0,0.0,0.0,0,0,0,0,0,0.00,0.00,0.00,0.00,0,False,False
15,76,1,0,0,1,0,0,0,0,0,0,3,47,45.0,54.2,30.0,12.9,0,3,0,3,1,0.72,0.88,1.60,0.27,10,True,True
16,1,0,0,0,0,0,0,0,0,0,0,0,3,2.2,0.8,0.0,0.3,0,0,1,1,0,0.00,0.01,0.01,0.00,1,False,True
17,13,0,0,0,0,0,0,0,1,0,0,0,0,0.0,1.1,0.0,0.1,0,0,0,0,0,0.00,0.00,0.00,0.11,0,False,True
18,0,0,0,0,0,0,0,0,0,0,0,0,0,0.0,0.0,0.0,0.0,0,0,0,0,0,0.00,0.00,0.00,0.00,0,False,False
19,23,0,0,0,0,0,0,0,0,0,0,0,1,1.4,0.8,11.0,1.3,4,0,0,4,0,0.08,0.02,0.10,0.13,1,False,True
20,0,0,0,0,0,0,0,0,0,0,0,0,0,0.0,0.0,0.0,0.0,0,0,0,0,0,0.00,0.00,0.00,0.00,0,False,False
21,0,0,0,0,0,0,0,0,0,0,0,0,0,0.0,0.0,0.0,0.0,0,0,0,0,0,0.00,0.00,0.00,0.00,0,False,False
22,0,0,0,0,0,0,0,0,0,0,0,0,0,0.0,0.0,0.0,0.0,0,0,0,0,0,0.00,0.00,0.00,0.00,0,False,False
23,0,0,0,0,0,0,0,0,0,0,0,0,0,0.0,0.0,0.0,0.0,0,0,0,0,0,0.00,0.00,0.00,0.00,0,False,False
24,0,0,0,0,0,0,0,0,0,0,0,0,0,0.0,0.0,0.0,0.0,0,0,0,0,0,0.00,0.00,0.00,0.00,0,False,False
25,12,0,0,0,0,0,0,0,0,0,0,0,2,0.0,0.1,0.0,0.0,0,1,0,1,0,0.00,0.00,0.00,0.11,1,False,True
26,77,1,0,0,1,0,0,0,0,0,0,2,38,43.0,37.0,57.0,13.7,1,0,0,1,1,0.27,0.27,0.54,0.27,8,False,True
27,0,0,0,0,0,0,0,0,0,0,0,0,0,0.0,0.0,0.0,0.0,0,0,0,0,0,0.00,0.00,0.00,0.00,0,False,False
28,90,0,0,0,2,0,0,0,0,0,8,0,26,63.2,0.0,0.0,6.3,0,8,0,0,1,0.00,0.00,0.00,2.05,3,False,True
29,0,0,0,0,0,0,0,0,0,0,0,0,0,0.0,0.0,0.0,0.0,0,0,0,0,0,0.00,0.00,0.00,0.00,0,False,False
30,0,0,0,0,0,0,0,0,0,0,0,0,0,0.0,0.0,0.0,0.0,0,0,0,0,0,0.00,0.00,0.00,0.00,0,False,False
31,90,0,0,0,1,0,0,0,0,0,0,0,15,19.4,1.4,4.0,2.5,7,5,3,10,1,0.00,0.01,0.01,0.39,4,False,True
32,84,0,0,1,0,0,0,0,0,0,0,0,23,6.4,16.3,6.0,2.9,1,1,0,1,1,0.00,0.03,0.03,0.22,6,False,True
33,90,0,0,1,0,0,0,0,0,0,0,0,28,14.8,4.4,13.0,3.2,4,2,1,5,1,0.11,0.02,0.13,0.57,6,False,True
34,0,0,0,0,0,0,0,0,0,0,0,0,0,0.0,0.0,0.0,0.0,0,0,0,0,0,0.00,0.00,0.00,0.00,0,False,False
35,0,0,0,0,0,0,0,0,0,0,0,0,0,0.0,0.0,0.0,0.0,0,0,0,0,0,0.00,0.00,0.00,0.00,0,False,False
36,74,0,0,1,0,0,0,0,0,0,0,1,29,10.6,19.8,4.0,3.4,2,0,1,3,1,0.00,0.42,0.42,0.22,7,False,True
37,90,0,0,1,0,0,0,0,0,0,0,0,28,22.4,24.9,2.0,4.9,4,3,0,4,1,0.00,0.08,0.08,0.57,6,False,True
38,0,0,0,0,0,0,0,0,0,0,0,0,0,0.0,0.0,0.0,0.0,0,0,0,0,0,0.00,0.00,0.00,0.00,0,False,False
39,0,0,0,0,0,0,0,0,0,0,0,0,0,0.0,0.0,0.0,0.0,0,0,0,0,0,0.00,0.00,0.00,0.00,0,False,False
40,86,1,0,0,2,0,0,0,1,0,0,0,22,30.2,13.6,16.0,6.0,0,5,0,5,1,0.08,0.03,0.11,2.05,6,False,True
41,74,0,0,1,0,0,0,0,0,0,0,0,2,0.0,10.8,7.0,1.4,0,2,0,2,1,0.61,0.05,0.66,0.22,3,False,True
42,0,0,0,0,0,0,0,0,0,0,0,0,0,0.0,0.0,0.0,0.0,0,0,0,0,0,0.00,0.00,0.00,0.00,0,False,False
43,90,0,0,0,2,0,0,0,0,0,0,0,17,18.6,18.9,9.0,4.7,2,5,0,7,1,0.05,0.06,0.11,1.01,2,False,True
44,0,0,0,0,0,0,0,0,0,0,0,0,0,0.0,0.0,0.0,0.0,0,0,0,0,0,0.00,0.00,0.00,0.00,0,False,False
45,90,0,0,1,0,0,0,0,0,0,0,0,6,1.4,5.6,4.0,1.1,1,2,2,5,1,0.68,0.03,0.71,0.57,3,False,True
46,90,0,0,1,0,0,0,0,0,0,0,0,15,13.6,34.1,15.0,6.3,2,4,0,6,1,0.22,0.09,0.31,0.57,3,False,True
47,90,0,0,1,0,0,0,0,0,0,0,0,20,13.6,26.2,0.0,4.0,3,6,1,10,1,0.00,0.07,0.07,0.57,3,False,True
48,0,0,0,0,0,0,0,0,0,0,0,0,0,0.0,0.0,0.0,0.0,0,0,0,0,0,0.00,0.00,0.00,0.00,0,False,False
49,0,0,0,0,0,0,0,0,0,0,0,0,0,0.0,0.0,0.0,0.0,0,0,0,0,0,0.00,0.00,0.00,0.00,0,False,False
50,0,0,0,0,0,0,0,0,0,0,0,0,0,0.0,0.0,0.0,0.0,0,0,0,0,0,0.00,0.00,0.00,0.00,0,False,False
51,74,0,0,1,0,0,0,0,0,0,0,0,12,10.8,13.5,21.0,4.5,2,4,1,7,1,0.07,0.14,0.21,0.22,3,False,True
52,15,0,0,0,0,0,0,0,0,0,0,0,3,0.2,1.8,0.0,0.2,0,1,0,1,0,0.00,0.00,0.00,0.35,1,False,True
53,0,0,0,0,0,0,0,0,0,0,0,0,0,0.0,0.0,0.0,0.0,0,0,0,0,0,0.00,0.00,0.00,0.00,0,False,False
54,0,0,0,0,0,0,0,0,0,0,0,0,0,0.0,0.0,0.0,0.0,0,0,0,0,0,0.00,0.00,0.00,0.00,0,False,False
55,0,0,0,0,0,0,0,0,0,0,0,0,0,0.0,0.0,0.0,0.0,0,0,0,0,0,0.00,0.00,0.00,0.00,0,False,False
56,5,0,0,0,0,0,0,0,0,0,0,0,3,2.0,1.0,0.0,0.3,0,0,1,1,0,0.00,0.00,0.00,0.35,1,False,True
57,90,0,0,0,2,0,0,0,0,0,0,0,0,3.4,0.0,0.0,0.3,1,8,0,0,1,0.00,0.00,0.00,0.71,1,False,True
58,0,0,0,0,0,0,0,0,0,0,0,0,0,0.0,0.0,0.0,0.0,0,0,0,0,0,0.00,0.00,0.00,0.00,0,False,False
59,0,0,0,0,0,0,0,0,0,0,0,0,0,0.0,0.0,0.0,0.0,0,0,0,0,0,0.00,0.00,0.00,0.00,0,False,False
60,90,0,0,0,2,0,0,0,0,0,0,0,4,16.8,31.5,2.0,5.0,6,1,0,6,1,0.00,0.02,0.02,0.71,1,False,True
61,90,0,0,0,2,0,0,0,1,0,0,0,-3,10.2,15.7,2.0,2.8,3,5,3,6,1,0.01,0.06,0.07,0.71,0,False,True
62,0,0,0,0,0,0,0,0,0,0,0,0,0,0.0,0.0,0.0,0.0,0,0,0,0,0,0.00,0.00,0.00,0.00,0,False,False
63,0,0,0,0,0,0,0,0,0,0,0,0,0,0.0,0.0,0.0,0.0,0,0,0,0,0,0.00,0.00,0.00,0.00,0,False,False
64,90,0,0,0,2,0,0,0,1,0,0,0,3,9.6,25.3,4.0,3.9,3,6,1,4,1,0.01,0.04,0.05,0.71,0,False,True
65,0,0,0,0,0,0,0,0,0,0,0,0,0,0.0,0.0,0.0,0.0,0,0,0,0,0,0.00,0.00,0.00,0.00,0,False,False
66,0,0,0,0,0,0,0,0,0,0,0,0,0,0.0,0.0,0.0,0.0,0,0,0,0,0,0.00,0.00,0.00,0.00,0,False,False
67,88,0,0,0,2,0,0,0,0,0,0,0,8,1.6,0.9,10.0,1.3,1,0,1,2,1,0.04,0.01,0.05,0.66,2,False,True
68,88,1,0,0,2,0,0,0,0,0,0,3,43,46.6,13.2,77.0,13.7,0,8,1,9,1,1.01,0.05,1.06,0.66,10,True,True
69,90,0,2,0,2,0,0,0,0,0,0,2,37,13.4,22.9,12.0,4.8,5,6,0,11,1,0.07,0.02,0.09,0.71,10,False,True
70,75,0,0,0,1,0,0,0,1,0,0,0,6,0.0,2.0,3.0,0.2,0,3,1,4,1,0.06,0.01,0.07,0.48,1,False,True
71,14,0,0,0,1,0,0,0,0,0,0,0,2,0.0,0.3,0.0,0.0,1,0,0,1,0,0.00,0.00,0.00,0.23,1,False,True
72,1,0,0,0,0,0,0,0,0,0,0,0,3,2.0,0.5,5.0,0.8,0,1,1,2,0,0.02,0.00,0.02,0.05,1,False,True
73,75,0,0,0,1,0,0,0,0,0,0,0,15,12.2,11.5,0.0,2.4,1,8,3,12,1,0.00,0.01,0.01,0.48,4,False,True
74,14,0,0,0,1,0,0,0,0,0,0,0,2,0.0,0.0,0.0,0.0,0,0,0,0,0,0.00,0.00,0.00,0.23,1,False,True
75,1,0,0,0,0,0,0,0,0,0,0,0,3,0.0,0.0,0.0,0.0,0,0,0,0,0,0.00,0.00,0.00,0.00,1,False,True
76,0,0,0,0,0,0,0,0,0,0,0,0,0,0.0,0.0,0.0,0.0,0,0,0,0,0,0.00,0.00,0.00,0.00,0,False,False
77,0,0,0,0,0,0,0,0,0,0,0,0,0,0.0,0.0,0.0,0.0,0,0,0,0,0,0.00,0.00,0.00,0.00,0,False,False
78,0,0,0,0,0,0,0,0,0,0,0,0,0,0.0,0.0,0.0,0.0,0,0,0,0,0,0.00,0.00,0.00,0.00,0,False,False
79,90,0,0,0,2,0,0,0,0,0,0,0,4,3.2,5.1,21.0,2.9,4,3,0,7,1,0.13,0.01,0.14,0.71,2,False,True
80,0,0,0,0,0,0,0,0,0,0,0,0,0,0.0,0.0,0.0,0.0,0,0,0,0,0,0.00,0.00,0.00,0.00,0,False,False
81,0,0,0,0,0,0,0,0,0,0,0,0,0,0.0,0.0,0.0,0.0,0,0,0,0,0,0.00,0.00,0.00,0.00,0,False,False
82,90,0,0,0,1,0,0,0,0,0,2,0,10,16.8,0.0,0.0,1.7,2,6,0,0,1,0.00,0.00,0.00,1.71,2,False,True
83,0,0,0,0,0,0,0,0,0,0,0,0,0,0.0,0.0,0.0,0.0,0,0,0,0,0,0.00,0.00,0.00,0.00,0,False,False
84,16,0,0,0,0,0,0,0,0,0,0,0,4,1.0,0.0,0.0,0.1,1,0,0,1,1,0.00,0.00,0.00,0.10,1,False,True
85,0,0,0,0,0,0,0,0,0,0,0,0,0,0.0,0.0,0.0,0.0,0,0,0,0,0,0.00,0.00,0.00,0.00,0,False,False
86,90,0,0,0,1,0,0,0,0,0,0,0,4,8.2,45.1,22.0,7.5,4,1,1,6,1,0.24,0.40,0.64,1.71,2,False,True
87,90,0,0,0,1,0,0,0,0,0,0,0,8,11.8,0.3,0.0,1.2,5,2,0,5,1,0.00,0.00,0.00,1.71,2,False,True
88,45,0,0,0,0,0,0,0,0,0,0,0,2,7.6,0.3,2.0,1.0,5,2,0,5,1,0.03,0.00,0.03,0.35,1,False,True
89,0,0,0,0,0,0,0,0,0,0,0,0,0,0.0,0.0,0.0,0.0,0,0,0,0,0,0.00,0.00,0.00,0.00,0,False,False
90,45,0,0,0,1,0,0,0,0,0,0,0,0,7.6,1.0,0.0,0.9,4,2,1,5,0,0.00,0.00,0.00,1.36,1,False,True
91,90,0,0,0,1,0,0,0,1,0,0,0,3,18.2,0.0,6.0,2.4,12,2,1,13,1,0.11,0.00,0.11,2.12,3,False,True
92,0,0,0,0,0,0,0,0,0,0,0,0,0,0.0,0.0,0.0,0.0,0,0,0,0,0,0.00,0.00,0.00,0.00,0,False,False
93,73,0,0,0,1,0,0,0,0,0,0,0,11,17.2,0.2,4.0,2.1,10,0,0,10,0,0.10,0.01,0.11,1.61,4,False,True
94,90,0,0,0,1,0,0,0,0,0,0,0,11,4.0,13.3,8.0,2.5,0,5,0,5,1,0.00,0.17,0.17,1.71,2,False,True
95,45,0,0,0,0,0,0,0,0,0,0,0,6,6.8,11.3,0.0,1.8,3,7,1,11,1,0.00,0.01,0.01,0.35,1,False,True
96,85,0,1,0,1,0,0,0,0,0,0,3,30,10.0,28.5,6.0,4.5,1,3,0,4,1,0.00,0.21,0.21,1.63,8,False,True
97,0,0,0,0,0,0,0,0,0,0,0,0,0,0.0,0.0,0.0,0.0,0,0,0,0,0,0.00,0.00,0.00,0.00,0,False,False
98,90,1,0,0,1,0,0,0,1,0,0,3,30,48.0,3.1,17.0,6.8,3,5,4,12,1,0.11,0.01,0.12,1.71,11,True,True
99,0,0,0,0,0,0,0,0,0,0,0,0,0,0.0,0.0,0.0,0.0,0,0,0,0,0,0.00,0.00,0.00,0.00,0,False,False
100,0,0,0,0,0,0,0,0,0,0,0,0,0,0.0,0.0,0.0,0.0,0,0,0,0,0,0.00,0.00,0.00,0.00,0,False,False
101,0,0,0,0,0,0,0,0,0,0,0,0,0,0.0,0.0,0.0,0.0,0,0,0,0,0,0.00,0.00,0.00,0.00,0,False,False
102,45,0,0,0,1,0,0,0,1,0,0,0,1,2.4,3.4,2.0,0.8,1,3,1,5,0,0.03,0.02,0.05,1.36,0,False,True
103,0,0,0,0,0,0,0,0,0,0,0,0,0,0.0,0.0,0.0,0.0,0,0,0,0,0,0.00,0.00,0.00,0.00,0,False,False
104,62,0,0,0,1,0,0,0,0,0,0,0,5,0.4,0.4,0.0,0.1,0,2,1,3,1,0.00,0.00,0.00,1.17,2,False,True
105,45,0,0,0,1,0,0,0,0,0,0,0,3,0.0,2.2,3.0,0.4,0,4,0,4,0,0.05,0.01,0.06,1.36,1,False,True
106,90,0,0,0,1,0,0,0,0,0,0,0,9,16.0,1.4,43.0,6.0,3,2,1,6,1,0.50,0.01,0.51,1.71,2,False,True
107,0,0,0,0,0,0,0,0,0,0,0,0,0,0.0,0.0,0.0,0.0,0,0,0,0,0,0.00,0.00,0.00,0.00,0,False,False
108,4,0,0,0,0,0,0,0,0,0,0,0,2,1.0,0.0,0.0,0.1,1,0,0,1,0,0.00,0.00,0.00,0.08,1,False,True
109,90,0,0,0,1,0,0,0,0,0,3,0,17,29.2,3.0,0.0,3.2,0,5,0,0,1,0.00,0.20,0.20,2.49,3,False,True
110,90,0,0,0,1,0,0,0,0,0,2,0,13,18.8,0.0,0.0,1.9,1,9,0,0,1,0.00,0.00,0.00,2.12,2,False,True
111,0,0,0,0,0,0,0,0,0,0,0,0,0,0.0,0.0,0.0,0.0,0,0,0,0,0,0.00,0.00,0.00,0.00,0,False,False
112,90,0,0,1,0,0,0,0,0,0,0,2,29,16.6,12.8,11.0,4.0,3,4,1,4,1,0.09,0.01,0.10,0.92,8,False,True
113,77,0,0,0,1,0,0,0,0,0,0,0,8,12.6,12.5,19.0,4.4,4,2,1,5,1,0.06,0.01,0.07,2.40,2,False,True
114,90,0,0,0,1,0,0,0,0,0,0,0,17,20.6,62.3,0.0,8.3,4,4,0,4,1,0.00,0.33,0.33,2.49,2,False,True
115,76,0,1,0,1,0,0,0,1,0,0,0,17,19.6,22.1,2.0,4.4,1,4,1,2,1,0.00,0.14,0.14,2.40,4,False,True
116,90,0,0,0,1,0,0,0,0,0,0,1,20,30.8,1.9,4.0,3.7,12,5,0,12,1,0.00,0.01,0.01,2.49,5,False,True
117,0,0,0,0,0,0,0,0,0,0,0,0,0,0.0,0.0,0.0,0.0,0,0,0,0,0,0.00,0.00,0.00,0.00,0,False,False
118,0,0,0,0,0,0,0,0,0,0,0,0,0,0.0,0.0,0.0,0.0,0,0,0,0,0,0.00,0.00,0.00,0.00,0,False,False
119,12,0,0,0,0,0,0,0,0,0,0,0,7,5.8,14.5,0.0,2.0,1,0,0,1,0,0.00,0.16,0.16,0.10,1,False,True
120,0,0,0,0,0,0,0,0,0,0,0,0,0,0.0,0.0,0.0,0.0,0,0,0,0,0,0.00,0.00,0.00,0.00,0,False,False
121,0,0,0,0,0,0,0,0,0,0,0,0,0,0.0,0.0,0.0,0.0,0,0,0,0,0,0.00,0.00,0.00,0.00,0,False,False
122,0,0,0,0,0,0,0,0,0,0,0,0,0,0.0,0.0,0.0,0.0,0,0,0,0,0,0.00,0.00,0.00,0.00,0,False,False
123,0,0,0,0,0,0,0,0,0,0,0,0,0,0.0,0.0,0.0,0.0,0,0,0,0,0,0.00,0.00,0.00,0.00,0,False,False
124,90,0,0,0,1,0,0,0,1,0,0,0,-1,0.0,16.5,19.0,3.2,2,2,0,4,1,0.79,0.04,0.83,2.49,1,False,True
125,0,0,0,0,0,0,0,0,0,0,0,0,0,0.0,0.0,0.0,0.0,0,0,0,0,0,0.00,0.00,0.00,0.00,0,False,False
126,0,0,0,0,0,0,0,0,0,0,0,0,0,0.0,0.0,0.0,0.0,0,0,0,0,0,0.00,0.00,0.00,0.00,0,False,False
127,90,0,0,0,1,0,0,0,0,0,0,0,13,15.2,26.4,30.0,7.2,2,4,3,9,1,0.09,0.05,0.14,2.49,2,False,True
128,0,0,0,0,0,0,0,0,0,0,0,0,0,0.0,0.0,0.0,0.0,0,0,0,0,0,0.00,0.00,0.00,0.00,0,False,False
129,90,0,0,0,1,0,0,0,0,0,0,0,18,11.4,14.8,18.0,4.4,1,2,0,3,1,0.17,0.04,0.21,2.49,2,False,True
130,0,0,0,0,0,0,0,0,0,0,0,0,0,0.0,0.0,0.0,0.0,0,0,0,0,0,0.00,0.00,0.00,0.00,0,False,False
131,0,0,0,0,0,0,0,0,0,0,0,0,0,0.0,0.0,0.0,0.0,0,0,0,0,0,0.00,0.00,0.00,0.00,0,False,False
132,0,0,0,0,0,0,0,0,0,0,0,0,0,0.0,0.0,0.0,0.0,0,0,0,0,0,0.00,0.00,0.00,0.00,0,False,False
133,0,0,0,0,0,0,0,0,0,0,0,0,0,0.0,0.0,0.0,0.0,0,0,0,0,0,0.00,0.00,0.00,0.00,0,False,False
134,0,0,0,0,0,0,0,0,0,0,0,0,0,0.0,0.0,0.0,0.0,0,0,0,0,0,0.00,0.00,0.00,0.00,0,False,False
135,0,0,0,0,0,0,0,0,0,0,0,0,0,0.0,0.0,0.0,0.0,0,0,0,0,0,0.00,0.00,0.00,0.00,0,False,False
136,3,0,0,0,0,0,0,0,0,0,0,0,3,0.0,0.3,2.0,0.2,0,0,0,0,0,0.00,0.00,0.00,0.00,1,False,True
137,0,0,0,0,0,0,0,0,0,0,0,0,0,0.0,0.0,0.0,0.0,0,0,0,0,0,0.00,0.00,0.00,0.00,0,False,False
138,90,0,0,0,1,0,0,0,0,0,0,0,9,9.6,5.3,24.0,3.9,3,4,1,8,1,0.43,0.02,0.45,2.49,2,False,True
139,0,0,0,0,0,0,0,0,0,0,0,0,0,0.0,0.0,0.0,0.0,0,0,0,0,0,0.00,0.00,0.00,0.00,0,False,False
140,0,0,0,0,0,0,0,0,0,0,0,0,0,0.0,0.0,0.0,0.0,0,0,0,0,0,0.00,0.00,0.00,0.00,0,False,False
141,0,0,0,0,0,0,0,0,0,0,0,0,0,0.0,0.0,0.0,0.0,0,0,0,0,0,0.00,0.00,0.00,0.00,0,False,False
142,90,0,0,0,2,0,0,0,0,0,0,0,9,12.6,15.0,13.0,4.1,3,6,0,3,1,0.07,0.05,0.12,2.05,1,False,True
143,0,0,0,0,0,0,0,0,0,0,0,0,0,0.0,0.0,0.0,0.0,0,0,0,0,0,0.00,0.00,0.00,0.00,0,False,False
144,30,0,0,0,0,0,0,0,0,0,0,0,4,3.0,3.4,1.0,0.7,0,2,2,2,0,0.04,0.01,0.05,0.14,1,False,True
145,90,0,0,0,2,0,0,0,0,0,0,0,16,39.8,22.8,0.0,6.3,14,3,3,17,1,0.00,0.04,0.04,2.05,3,False,True
146,0,0,0,0,0,0,0,0,0,0,0,0,0,0.0,0.0,0.0,0.0,0,0,0,0,0,0.00,0.00,0.00,0.00,0,False,False
147,0,0,0,0,0,0,0,0,0,0,0,0,0,0.0,0.0,0.0,0.0,0,0,0,0,0,0.00,0.00,0.00,0.00,0,False,False
148,59,0,1,0,2,0,0,0,0,0,0,0,5,34.8,11.2,2.0,4.8,4,2,2,6,1,0.00,0.02,0.02,1.91,3,False,True
149,0,0,0,0,0,0,0,0,0,0,0,0,0,0.0,0.0,0.0,0.0,0,0,0,0,0,0.00,0.00,0.00,0.00,0,False,False
150,0,0,0,0,0,0,0,0,0,0,0,0,0,0.0,0.0,0.0,0.0,0,0,0,0,0,0.00,0.00,0.00,0.00,0,False,False
151,90,0,0,0,2,0,0,0,0,0,0,0,-3,2.2,1.8,4.0,0.8,1,1,0,1,1,0.00,0.01,0.01,2.05,1,False,True
152,0,0,0,0,0,0,0,0,0,0,0,0,0,0.0,0.0,0.0,0.0,0,0,0,0,0,0.00,0.00,0.00,0.00,0,False,False
153,90,0,0,0,2,0,0,0,0,0,0,0,14,31.4,13.3,2.0,4.7,9,8,4,13,1,0.00,0.04,0.04,3.14,3,False,True
154,90,0,0,0,2,0,0,0,1,0,0,0,11,7.0,15.8,32.0,5.5,0,3,0,3,1,0.11,0.04,0.15,2.05,1,False,True
155,75,0,0,1,0,0,0,0,0,0,0,0,17,10.2,18.9,18.0,4.7,1,1,1,3,1,0.13,0.12,0.25,1.00,3,False,True
156,80,0,0,0,2,0,0,0,0,0,0,0,10,6.2,23.8,14.0,4.4,2,4,1,7,1,0.03,0.03,0.06,2.05,2,False,True
157,9,0,0,0,0,0,0,0,0,0,0,0,5,3.2,0.4,17.0,2.1,0,0,0,0,0,0.04,0.00,0.04,0.00,1,False,True
158,0,0,0,0,0,0,0,0,0,0,0,0,0,0.0,0.0,0.0,0.0,0,0,0,0,0,0.00,0.00,0.00,0.00,0,False,False
159,0,0,0,0,0,0,0,0,0,0,0,0,0,0.0,0.0,0.0,0.0,0,0,0,0,0,0.00,0.00,0.00,0.00,0,False,False
160,15,0,0,0,0,0,0,0,0,0,0,0,4,1.0,1.6,0.0,0.3,0,0,0,0,0,0.00,0.00,0.00,0.35,1,False,True
161,59,0,0,0,2,0,0,0,0,0,0,0,7,5.8,1.5,0.0,0.7,2,3,1,6,1,0.00,0.01,0.01,1.91,1,False,True
162,6,0,0,0,1,0,0,0,0,0,0,0,4,7.2,0.6,6.0,1.4,4,0,0,4,0,0.00,0.01,0.01,0.09,1,False,True
163,0,0,0,0,0,0,0,0,0,0,0,0,0,0.0,0.0,0.0,0.0,0,0,0,0,0,0.00,0.00,0.00,0.00,0,False,False
164,0,0,0,0,0,0,0,0,0,0,0,0,0,0.0,0.0,0.0,0.0,0,0,0,0,0,0.00,0.00,0.00,0.00,0,False,False
165,90,0,0,0,2,0,0,0,1,0,0,0,8,0.0,28.8,9.0,3.7,0,1,0,1,1,0.02,0.05,0.07,2.05,1,False,True
166,84,0,0,1,0,0,0,0,0,0,0,0,10,1.2,17.5,20.0,3.9,0,2,0,2,1,0.24,0.44,0.68,0.22,2,False,True
167,73,0,0,1,0,0,0,0,0,0,0,0,6,2.4,20.8,5.0,2.8,2,3,0,5,1,0.06,0.06,0.12,0.89,2,False,True
168,0,0,0,0,0,0,0,0,0,0,0,0,0,0.0,0.0,0.0,0.0,0,0,0,0,0,0.00,0.00,0.00,0.00,0,False,False
169,0,0,0,0,0,0,0,0,0,0,0,0,0,0.0,0.0,0.0,0.0,0,0,0,0,0,0.00,0.00,0.00,0.00,0,False,False
170,0,0,0,0,0,0,0,0,0,0,0,0,0,0.0,0.0,0.0,0.0,0,0,0,0,0,0.00,0.00,0.00,0.00,0,False,False
171,0,0,0,0,0,0,0,0,0,0,0,0,0,0.0,0.0,0.0,0.0,0,0,0,0,0,0.00,0.00,0.00,0.00,0,False,False
172,0,0,0,0,0,0,0,0,0,0,0,0,0,0.0,0.0,0.0,0.0,0,0,0,0,0,0.00,0.00,0.00,0.00,0,False,False
173,90,0,0,0,1,0,0,0,0,0,0,0,19,20.6,20.8,24.0,6.5,11,3,1,12,1,0.22,0.17,0.39,2.12,4,False,True
174,0,0,0,0,0,0,0,0,0,0,0,0,0,0.0,0.0,0.0,0.0,0,0,0,0,0,0.00,0.00,0.00,0.00,0,False,False
175,90,0,0,0,1,0,0,0,1,0,0,0,5,16.8,5.2,2.0,2.4,8,4,3,11,1,0.00,0.06,0.06,2.12,3,False,True
176,84,0,0,0,1,0,0,0,0,0,0,0,10,21.8,14.9,0.0,3.7,5,3,2,7,1,0.00,0.08,0.08,2.12,2,False,True
177,0,0,0,0,0,0,0,0,0,0,0,0,0,0.0,0.0,0.0,0.0,0,0,0,0,0,0.00,0.00,0.00,0.00,0,False,False
178,0,0,0,0,0,0,0,0,0,0,0,0,0,0.0,0.0,0.0,0.0,0,0,0,0,0,0.00,0.00,0.00,0.00,0,False,False
179,0,0,0,0,0,0,0,0,0,0,0,0,0,0.0,0.0,0.0,0.0,0,0,0,0,0,0.00,0.00,0.00,0.00,0,False,False
180,0,0,0,0,0,0,0,0,0,0,0,0,0,0.0,0.0,0.0,0.0,0,0,0,0,0,0.00,0.00,0.00,0.00,0,False,False
181,0,0,0,0,0,0,0,0,0,0,0,0,0,0.0,0.0,0.0,0.0,0,0,0,0,0,0.00,0.00,0.00,0.00,0,False,False
182,90,0,0,0,1,0,0,0,0,0,0,0,4,4.4,1.3,6.0,1.2,2,6,1,3,1,0.00,0.34,0.34,2.12,2,False,True
183,62,0,0,0,1,0,0,0,0,0,0,0,9,14.4,28.5,33.0,7.6,2,2,1,5,1,0.29,0.09,0.38,1.17,2,False,True
184,90,0,0,0,1,0,0,0,0,0,0,0,8,18.6,2.3,1.0,2.2,3,0,5,8,1,0.04,0.00,0.04,2.12,2,False,True
185,0,0,0,0,0,0,0,0,0,0,0,0,0,0.0,0.0,0.0,0.0,0,0,0,0,0,0.00,0.00,0.00,0.00,0,False,False
186,70,0,0,0,1,0,0,0,0,0,0,0,4,0.0,0.8,2.0,0.1,2,3,0,5,1,0.00,0.00,0.00,1.17,2,False,True
187,0,0,0,0,0,0,0,0,0,0,0,0,0,0.0,0.0,0.0,0.0,0,0,0,0,0,0.00,0.00,0.00,0.00,0,False,False
188,0,0,0,0,0,0,0,0,0,0,0,0,0,0.0,0.0,0.0,0.0,0,0,0,0,0,0.00,0.00,0.00,0.00,0,False,False
189,0,0,0,0,0,0,0,0,0,0,0,0,0,0.0,0.0,0.0,0.0,0,0,0,0,0,0.00,0.00,0.00,0.00,0,False,False
190,27,0,0,0,0,0,0,0,0,0,0,0,9,8.2,24.8,21.0,5.4,0,1,0,1,0,0.10,0.03,0.13,0.95,1,False,True
191,0,0,0,0,0,0,0,0,0,0,0,0,0,0.0,0.0,0.0,0.0,0,0,0,0,0,0.00,0.00,0.00,0.00,0,False,False
192,0,0,0,0,0,0,0,0,0,0,0,0,0,0.0,0.0,0.0,0.0,0,0,0,0,0,0.00,0.00,0.00,0.00,0,False,False
193,0,0,0,0,0,0,0,0,0,0,0,0,0,0.0,0.0,0.0,0.0,0,0,0,0,0,0.00,0.00,0.00,0.00,0,False,False
194,19,0,0,0,0,0,0,0,0,0,0,0,6,2.2,0.3,2.0,0.5,1,2,0,3,0,0.00,0.00,0.00,0.95,1,False,True
195,19,0,0,0,0,0,0,0,0,0,0,0,3,5.0,10.0,35.0,5.0,0,0,0,0,0,0.30,0.00,0.30,0.95,1,False,True
196,0,0,0,0,0,0,0,0,0,0,0,0,0,0.0,0.0,0.0,0.0,0,0,0,0,0,0.00,0.00,0.00,0.00,0,False,False
197,0,0,0,0,0,0,0,0,0,0,0,0,0,0.0,0.0,0.0,0.0,0,0,0,0,0,0.00,0.00,0.00,0.00,0,False,False
198,90,0,0,0,2,0,0,0,0,0,5,0,19,38.4,0.0,0.0,3.8,1,7,0,0,1,0.00,0.00,0.00,3.14,2,False,True
199,0,0,0,0,0,0,0,0,0,0,0,0,0,0.0,0.0,0.0,0.0,0,0,0,0,0,0.00,0.00,0.00,0.00,0,False,False
200,90,0,0,0,2,0,0,0,1,0,0,0,3,26.0,1.3,2.0,2.9,9,2,2,11,1,0.00,0.01,0.01,2.05,2,False,True
201,31,0,0,0,0,0,0,0,0,0,0,0,5,2.4,0.8,4.0,0.7,0,0,1,1,0,0.03,0.00,0.03,0.26,1,False,True
202,90,0,0,0,2,0,0,0,0,0,0,0,8,28.8,0.5,7.0,3.6,8,4,1,9,1,0.04,0.00,0.04,3.14,1,False,True
203,90,0,0,0,2,0,0,0,0,0,0,0,4,13.0,1.9,0.0,1.5,7,2,2,9,1,0.00,0.00,0.00,3.14,1,False,True
204,73,2,0,0,2,0,0,0,0,0,0,2,31,78.0,10.7,47.0,13.6,4,2,2,6,1,0.66,0.01,0.67,2.57,15,True,True
205,0,0,0,0,0,0,0,0,0,0,0,0,0,0.0,0.0,0.0,0.0,0,0,0,0,0,0.00,0.00,0.00,0.00,0,False,False
206,0,0,0,0,0,0,0,0,0,0,0,0,0,0.0,0.0,0.0,0.0,0,0,0,0,0,0.00,0.00,0.00,0.00,0,False,False
207,1,0,0,0,0,0,0,0,0,0,0,0,4,1.0,0.3,0.0,0.1,0,1,1,1,0,0.00,0.00,0.00,0.13,1,False,True
208,0,0,0,0,0,0,0,0,0,0,0,0,0,0.0,0.0,0.0,0.0,0,0,0,0,0,0.00,0.00,0.00,0.00,0,False,False
209,65,0,0,0,1,0,0,0,1,0,0,0,3,6.6,22.9,9.0,3.9,3,4,1,8,1,0.05,0.04,0.09,0.37,1,False,True
210,90,0,0,0,2,0,0,0,0,0,0,0,10,14.8,2.8,2.0,2.0,7,0,1,8,1,0.00,0.01,0.01,3.14,2,False,True
211,88,0,1,0,2,0,0,0,0,0,0,0,25,8.0,42.6,6.0,5.7,1,3,1,5,1,0.25,0.30,0.55,3.01,5,False,True
212,16,0,0,0,0,0,0,0,0,0,0,0,3,2.4,0.3,0.0,0.3,2,1,0,3,0,0.00,0.00,0.00,0.57,1,False,True
213,0,0,0,0,0,0,0,0,0,0,0,0,0,0.0,0.0,0.0,0.0,0,0,0,0,0,0.00,0.00,0.00,0.00,0,False,False
214,88,0,1,0,2,0,0,0,0,0,0,0,21,19.6,23.2,6.0,4.9,0,4,0,4,1,0.00,0.01,0.01,3.01,5,False,True
215,0,0,0,0,0,0,0,0,0,0,0,0,0,0.0,0.0,0.0,0.0,0,0,0,0,0,0.00,0.00,0.00,0.00,0,False,False
216,0,0,0,0,0,0,0,0,0,0,0,0,0,0.0,0.0,0.0,0.0,0,0,0,0,0,0.00,0.00,0.00,0.00,0,False,False
217,0,0,0,0,0,0,0,0,0,0,0,0,0,0.0,0.0,0.0,0.0,0,0,0,0,0,0.00,0.00,0.00,0.00,0,False,False
218,0,0,0,0,0,0,0,0,0,0,0,0,0,0.0,0.0,0.0,0.0,0,0,0,0,0,0.00,0.00,0.00,0.00,0,False,False
219,0,0,0,0,0,0,0,0,0,0,0,0,0,0.0,0.0,0.0,0.0,0,0,0,0,0,0.00,0.00,0.00,0.00,0,False,False
220,0,0,0,0,0,0,0,0,0,0,0,0,0,0.0,0.0,0.0,0.0,0,0,0,0,0,0.00,0.00,0.00,0.00,0,False,False
221,0,0,0,0,0,0,0,0,0,0,0,0,0,0.0,0.0,0.0,0.0,0,0,0,0,0,0.00,0.00,0.00,0.00,0,False,False
222,45,0,0,0,0,0,0,0,0,0,0,0,4,2.4,0.8,0.0,0.3,1,3,0,4,0,0.00,0.00,0.00,1.54,1,False,True
223,0,0,0,0,0,0,0,0,0,0,0,0,0,0.0,0.0,0.0,0.0,0,0,0,0,0,0.00,0.00,0.00,0.00,0,False,False
224,45,0,1,0,2,0,0,0,0,0,0,0,16,21.2,10.7,19.0,5.1,0,1,1,2,1,0.14,0.00,0.14,1.60,4,False,True
225,0,0,0,0,0,0,0,0,0,0,0,0,0,0.0,0.0,0.0,0.0,0,0,0,0,0,0.00,0.00,0.00,0.00,0,False,False
226,90,0,0,0,2,0,0,0,0,0,1,0,6,9.2,0.0,0.0,0.9,0,12,0,0,1,0.00,0.00,0.00,0.69,1,False,True
227,0,0,0,0,0,0,0,0,0,0,0,0,0,0.0,0.0,0.0,0.0,0,0,0,0,0,0.00,0.00,0.00,0.00,0,False,False
228,0,0,0,0,0,0,0,0,0,0,0,0,0,0.0,0.0,0.0,0.0,0,0,0,0,0,0.00,0.00,0.00,0.00,0,False,False
229,90,0,0,0,2,0,0,0,0,0,0,0,11,24.4,1.0,6.0,3.1,9,3,3,12,1,0.02,0.01,0.03,0.69,3,False,True
230,90,0,0,0,2,0,0,0,0,0,0,0,10,41.6,0.6,34.0,7.6,10,4,1,11,1,0.08,0.00,0.08,0.69,3,False,True
231,0,0,0,0,0,0,0,0,0,0,0,0,0,0.0,0.0,0.0,0.0,0,0,0,0,0,0.00,0.00,0.00,0.00,0,False,False
232,0,0,0,0,0,0,0,0,0,0,0,0,0,0.0,0.0,0.0,0.0,0,0,0,0,0,0.00,0.00,0.00,0.00,0,False,False
233,90,0,0,0,2,0,0,0,0,0,0,0,8,12.8,2.5,0.0,1.5,3,4,3,6,1,0.00,0.01,0.01,0.69,1,False,True
234,0,0,0,0,0,0,0,0,0,0,0,0,0,0.0,0.0,0.0,0.0,0,0,0,0,0,0.00,0.00,0.00,0.00,0,False,False
235,0,0,0,0,0,0,0,0,0,0,0,0,0,0.0,0.0,0.0,0.0,0,0,0,0,0,0.00,0.00,0.00,0.00,0,False,False
236,90,0,0,0,2,0,0,0,0,0,0,0,20,24.0,30.0,33.0,8.7,2,5,4,11,1,0.27,0.07,0.34,0.69,2,False,True
237,86,0,0,1,0,0,0,0,0,0,0,0,12,7.0,17.9,10.0,3.5,1,2,2,5,1,0.02,0.04,0.06,1.35,3,False,True
238,24,0,0,0,1,0,0,0,0,0,0,0,8,6.0,12.3,10.0,2.8,0,0,1,1,0,0.02,0.13,0.15,0.31,1,False,True
239,76,0,0,0,1,0,0,0,0,0,0,0,19,9.6,31.1,0.0,4.1,2,5,1,8,1,0.00,0.08,0.08,0.40,2,False,True
240,0,0,0,0,0,0,0,0,0,0,0,0,0,0.0,0.0,0.0,0.0,0,0,0,0,0,0.00,0.00,0.00,0.00,0,False,False
241,0,0,0,0,0,0,0,0,0,0,0,0,0,0.0,0.0,0.0,0.0,0,0,0,0,0,0.00,0.00,0.00,0.00,0,False,False
242,90,1,0,0,2,0,0,0,0,0,0,3,35,44.2,34.4,25.0,10.4,1,3,0,4,1,0.04,0.07,0.11,0.69,10,False,True
243,0,0,0,0,0,0,0,0,0,0,0,0,0,0.0,0.0,0.0,0.0,0,0,0,0,0,0.00,0.00,0.00,0.00,0,False,False
244,90,0,0,0,2,0,0,0,1,0,0,0,5,5.2,6.7,9.0,2.1,3,1,1,5,1,0.09,0.03,0.12,0.69,1,False,True
245,0,0,0,0,0,0,0,0,0,0,0,0,0,0.0,0.0,0.0,0.0,0,0,0,0,0,0.00,0.00,0.00,0.00,0,False,False
246,74,0,0,0,1,0,0,0,1,0,0,0,10,4.4,16.8,0.0,2.1,2,4,0,6,1,0.00,0.13,0.13,0.40,1,False,True
247,15,0,1,0,1,0,0,0,0,0,0,0,14,20.6,25.5,10.0,5.6,0,0,1,1,0,0.04,0.09,0.13,0.29,4,False,True
248,0,0,0,0,0,0,0,0,0,0,0,0,0,0.0,0.0,0.0,0.0,0,0,0,0,0,0.00,0.00,0.00,0.00,0,False,False
249,90,0,0,0,2,0,0,0,0,0,0,0,7,0.2,15.0,24.0,3.9,0,4,0,4,1,0.38,0.02,0.40,0.69,2,False,True
250,90,0,0,0,3,0,0,0,0,0,2,0,8,18.8,0.0,0.0,1.9,0,8,0,0,1,0.00,0.00,0.00,1.97,1,False,True
251,0,0,0,0,0,0,0,0,0,0,0,0,0,0.0,0.0,0.0,0.0,0,0,0,0,0,0.00,0.00,0.00,0.00,0,False,False
252,0,0,0,0,0,0,0,0,0,0,0,0,0,0.0,0.0,0.0,0.0,0,0,0,0,0,0.00,0.00,0.00,0.00,0,False,False
253,90,0,0,0,3,0,0,0,0,0,0,0,8,24.4,22.9,6.0,5.3,5,7,2,7,1,0.00,0.06,0.06,1.97,1,False,True
254,78,0,0,0,3,0,0,0,0,0,0,0,7,14.6,24.8,9.0,4.8,3,5,2,5,1,0.08,0.10,0.18,1.97,1,False,True
255,0,0,0,0,0,0,0,0,0,0,0,0,0,0.0,0.0,0.0,0.0,0,0,0,0,0,0.00,0.00,0.00,0.00,0,False,False
256,0,0,0,0,0,0,0,0,0,0,0,0,0,0.0,0.0,0.0,0.0,0,0,0,0,0,0.00,0.00,0.00,0.00,0,False,False
257,90,0,0,0,3,0,0,0,0,0,0,0,2,13.8,6.4,0.0,2.0,1,2,1,2,1,0.00,0.04,0.04,1.97,1,False,True
258,90,0,0,0,3,0,0,0,0,0,0,0,-1,20.6,24.1,30.0,7.5,5,5,2,7,1,0.58,0.19,0.77,1.97,1,False,True
259,90,0,0,0,2,0,0,0,0,0,0,0,10,27.2,10.8,0.0,3.8,9,2,2,11,1,0.00,0.01,0.01,0.69,3,False,True
260,17,0,0,0,0,0,0,0,1,0,0,0,0,1.4,20.3,2.0,2.4,0,1,0,1,0,0.00,0.00,0.00,1.32,0,False,True
261,82,0,0,0,3,0,0,0,0,0,0,0,15,7.6,23.7,11.0,4.2,0,3,1,4,1,0.04,0.26,0.30,1.97,2,False,True
262,11,0,0,0,0,0,0,0,0,0,0,0,3,0.2,0.5,2.0,0.3,0,0,0,0,0,0.00,0.00,0.00,0.00,1,False,True
263,0,0,0,0,0,0,0,0,0,0,0,0,0,0.0,0.0,0.0,0.0,0,0,0,0,0,0.00,0.00,0.00,0.00,0,False,False
264,78,0,0,0,3,0,0,0,0,0,0,0,17,11.2,58.8,53.0,12.3,0,4,0,4,1,0.32,0.65,0.97,1.97,2,False,True
265,29,0,0,0,1,0,0,0,0,0,0,0,9,3.2,2.9,0.0,0.6,0,2,0,2,0,0.00,0.10,0.10,0.84,1,False,True
266,0,0,0,0,0,0,0,0,0,0,0,0,0,0.0,0.0,0.0,0.0,0,0,0,0,0,0.00,0.00,0.00,0.00,0,False,False
267,90,0,0,0,2,0,0,0,0,0,0,0,13,10.4,14.2,0.0,2.5,1,2,1,4,1,0.00,0.02,0.02,0.69,2,False,True
268,90,1,0,0,3,0,0,0,0,0,0,3,38,44.6,26.0,34.0,10.5,1,5,1,7,1,0.31,0.27,0.58,1.97,10,False,True
269,11,0,0,0,0,0,0,0,0,0,0,0,3,2.0,14.8,4.0,2.1,1,1,0,1,0,0.08,0.32,0.40,0.00,1,False,True
270,0,0,0,0,0,0,0,0,0,0,0,0,0,0.0,0.0,0.0,0.0,0,0,0,0,0,0.00,0.00,0.00,0.00,0,False,False
271,7,0,0,0,0,0,0,0,0,0,0,0,5,3.2,10.1,27.0,4.0,0,0,0,0,0,0.38,0.00,0.38,0.00,1,False,True
272,0,0,0,0,0,0,0,0,0,0,0,0,0,0.0,0.0,0.0,0.0,0,0,0,0,0,0.00,0.00,0.00,0.00,0,False,False
273,0,0,0,0,0,0,0,0,0,0,0,0,0,0.0,0.0,0.0,0.0,0,0,0,0,0,0.00,0.00,0.00,0.00,0,False,False
274,0,0,0,0,0,0,0,0,0,0,0,0,0,0.0,0.0,0.0,0.0,0,0,0,0,0,0.00,0.00,0.00,0.00,0,False,False
275,0,0,0,0,0,0,0,0,0,0,0,0,0,0.0,0.0,0.0,0.0,0,0,0,0,0,0.00,0.00,0.00,0.00,0,False,False
276,0,0,0,0,0,0,0,0,0,0,0,0,0,0.0,0.0,0.0,0.0,0,0,0,0,0,0.00,0.00,0.00,0.00,0,False,False
277,90,0,0,1,0,0,0,0,0,0,0,0,18,15.4,0.1,0.0,1.6,4,1,3,7,1,0.00,0.00,0.00,1.93,6,False,True
278,0,0,0,0,0,0,0,0,0,0,0,0,0,0.0,0.0,0.0,0.0,0,0,0,0,0,0.00,0.00,0.00,0.00,0,False,False
279,90,0,0,1,0,0,0,0,1,0,0,0,17,11.0,0.7,0.0,1.2,5,1,1,6,1,0.00,0.00,0.00,1.93,5,False,True
280,63,0,0,1,0,0,0,0,0,0,0,0,19,1.4,4.6,0.0,0.6,0,0,0,0,1,0.00,0.01,0.01,1.81,6,False,True
281,0,0,0,0,0,0,0,0,0,0,0,0,0,0.0,0.0,0.0,0.0,0,0,0,0,0,0.00,0.00,0.00,0.00,0,False,False
282,90,0,0,1,0,0,0,0,0,0,0,2,30,14.8,26.4,0.0,4.1,3,5,1,4,1,0.00,0.04,0.04,1.93,8,False,True
283,0,0,0,0,0,0,0,0,0,0,0,0,0,0.0,0.0,0.0,0.0,0,0,0,0,0,0.00,0.00,0.00,0.00,0,False,False
284,0,0,0,0,0,0,0,0,0,0,0,0,0,0.0,0.0,0.0,0.0,0,0,0,0,0,0.00,0.00,0.00,0.00,0,False,False
285,0,0,0,0,0,0,0,0,0,0,0,0,0,0.0,0.0,0.0,0.0,0,0,0,0,0,0.00,0.00,0.00,0.00,0,False,False
286,81,0,0,1,0,0,0,0,0,0,0,0,15,22.8,12.4,10.0,4.5,8,1,3,12,1,0.03,0.01,0.04,1.93,5,False,True
287,0,0,0,0,0,0,0,0,0,0,0,0,0,0.0,0.0,0.0,0.0,0,0,0,0,0,0.00,0.00,0.00,0.00,0,False,False
288,0,0,0,0,0,0,0,0,0,0,0,0,0,0.0,0.0,0.0,0.0,0,0,0,0,0,0.00,0.00,0.00,0.00,0,False,False
289,0,0,0,0,0,0,0,0,0,0,0,0,0,0.0,0.0,0.0,0.0,0,0,0,0,0,0.00,0.00,0.00,0.00,0,False,False
290,90,0,0,1,0,0,0,0,0,0,0,0,10,10.6,12.3,8.0,3.1,3,2,1,6,1,0.04,0.01,0.05,1.93,3,False,True
291,0,0,0,0,0,0,0,0,0,0,0,0,0,0.0,0.0,0.0,0.0,0,0,0,0,0,0.00,0.00,0.00,0.00,0,False,False
292,0,0,0,0,0,0,0,0,0,0,0,0,0,0.0,0.0,0.0,0.0,0,0,0,0,0,0.00,0.00,0.00,0.00,0,False,False
293,0,0,0,0,0,0,0,0,0,0,0,0,0,0.0,0.0,0.0,0.0,0,0,0,0,0,0.00,0.00,0.00,0.00,0,False,False
294,0,0,0,0,0,0,0,0,0,0,0,0,0,0.0,0.0,0.0,0.0,0,0,0,0,0,0.00,0.00,0.00,0.00,0,False,False
295,90,0,0,1,0,0,0,0,0,0,0,0,2,2.6,11.3,15.0,2.9,1,0,2,3,1,0.38,0.05,0.43,1.93,2,False,True
296,0,0,0,0,0,0,0,0,0,0,0,0,0,0.0,0.0,0.0,0.0,0,0,0,0,0,0.00,0.00,0.00,0.00,0,False,False
297,0,0,0,0,0,0,0,0,0,0,0,0,0,0.0,0.0,0.0,0.0,0,0,0,0,0,0.00,0.00,0.00,0.00,0,False,False
298,0,0,0,0,0,0,0,0,0,0,0,0,0,0.0,0.0,0.0,0.0,0,0,0,0,0,0.00,0.00,0.00,0.00,0,False,False
299,0,0,0,0,0,0,0,0,0,0,0,0,0,0.0,0.0,0.0,0.0,0,0,0,0,0,0.00,0.00,0.00,0.00,0,False,False
300,0,0,0,0,0,0,0,0,0,0,0,0,0,0.0,0.0,0.0,0.0,0,0,0,0,0,0.00,0.00,0.00,0.00,0,False,False
301,0,0,0,0,0,0,0,0,0,0,0,0,0,0.0,0.0,0.0,0.0,0,0,0,0,0,0.00,0.00,0.00,0.00,0,False,False
302,0,0,0,0,0,0,0,0,0,0,0,0,0,0.0,0.0,0.0,0.0,0,0,0,0,0,0.00,0.00,0.00,0.00,0,False,False
303,0,0,0,0,0,0,0,0,0,0,0,0,0,0.0,0.0,0.0,0.0,0,0,0,0,0,0.00,0.00,0.00,0.00,0,False,False
304,90,0,0,0,2,0,0,0,0,0,0,0,5,23.8,4.4,4.0,3.2,8,3,3,11,1,0.00,0.01,0.01,0.69,3,False,True
305,90,0,0,0,2,0,0,0,0,0,0,0,4,17.4,21.5,19.0,5.8,4,3,2,6,1,0.11,0.12,0.23,0.69,1,False,True
306,90,0,0,0,2,0,0,0,0,0,0,0,6,15.0,12.3,4.0,3.1,6,3,1,7,1,0.00,0.04,0.04,0.69,1,False,True
307,0,0,0,0,0,0,0,0,0,0,0,0,0,0.0,0.0,0.0,0.0,0,0,0,0,0,0.00,0.00,0.00,0.00,0,False,False
308,0,0,0,0,0,0,0,0,0,0,0,0,0,0.0,0.0,0.0,0.0,0,0,0,0,0,0.00,0.00,0.00,0.00,0,False,False
309,0,0,0,0,0,0,0,0,0,0,0,0,0,0.0,0.0,0.0,0.0,0,0,0,0,0,0.00,0.00,0.00,0.00,0,False,False
310,0,0,0,0,0,0,0,0,0,0,0,0,0,0.0,0.0,0.0,0.0,0,0,0,0,0,0.00,0.00,0.00,0.00,0,False,False
311,0,0,0,0,0,0,0,0,0,0,0,0,0,0.0,0.0,0.0,0.0,0,0,0,0,0,0.00,0.00,0.00,0.00,0,False,False
312,0,0,0,0,0,0,0,0,0,0,0,0,0,0.0,0.0,0.0,0.0,0,0,0,0,0,0.00,0.00,0.00,0.00,0,False,False
313,24,0,0,0,0,0,0,0,0,0,0,0,3,3.4,11.7,4.0,1.9,1,1,0,2,0,0.05,0.02,0.07,0.06,1,False,True
314,0,0,0,0,0,0,0,0,0,0,0,0,0,0.0,0.0,0.0,0.0,0,0,0,0,0,0.00,0.00,0.00,0.00,0,False,False
315,78,0,0,0,2,0,0,0,0,0,0,0,14,10.2,32.9,4.0,4.7,2,2,2,6,1,0.03,0.15,0.18,0.69,2,False,True
316,65,0,0,0,2,0,0,0,0,0,0,0,8,3.2,0.0,8.0,1.1,1,1,1,3,1,0.22,0.00,0.22,0.62,2,False,True
317,0,0,0,0,0,0,0,0,0,0,0,0,0,0.0,0.0,0.0,0.0,0,0,0,0,0,0.00,0.00,0.00,0.00,0,False,False
318,0,0,0,0,0,0,0,0,0,0,0,0,0,0.0,0.0,0.0,0.0,0,0,0,0,0,0.00,0.00,0.00,0.00,0,False,False
319,0,0,0,0,0,0,0,0,0,0,0,0,0,0.0,0.0,0.0,0.0,0,0,0,0,0,0.00,0.00,0.00,0.00,0,False,False
320,0,0,0,0,0,0,0,0,0,0,0,0,0,0.0,0.0,0.0,0.0,0,0,0,0,0,0.00,0.00,0.00,0.00,0,False,False
321,0,0,0,0,0,0,0,0,0,0,0,0,0,0.0,0.0,0.0,0.0,0,0,0,0,0,0.00,0.00,0.00,0.00,0,False,False
322,0,0,0,0,0,0,0,0,0,0,0,0,0,0.0,0.0,0.0,0.0,0,0,0,0,0,0.00,0.00,0.00,0.00,0,False,False
323,11,0,0,0,0,0,0,0,0,0,0,0,5,3.2,0.5,7.0,1.1,0,1,0,1,0,0.05,0.00,0.05,0.00,1,False,True
324,0,0,0,0,0,0,0,0,0,0,0,0,0,0.0,0.0,0.0,0.0,0,0,0,0,0,0.00,0.00,0.00,0.00,0,False,False
325,0,0,0,0,0,0,0,0,0,0,0,0,0,0.0,0.0,0.0,0.0,0,0,0,0,0,0.00,0.00,0.00,0.00,0,False,False
326,0,0,0,0,0,0,0,0,0,0,0,0,0,0.0,0.0,0.0,0.0,0,0,0,0,0,0.00,0.00,0.00,0.00,0,False,False
327,29,0,0,0,1,0,0,0,0,0,0,0,1,6.2,0.0,0.0,0.6,2,0,2,4,0,0.00,0.00,0.00,1.95,1,False,True
328,1,0,0,0,0,0,0,0,0,0,0,0,3,0.2,0.1,0.0,0.0,0,0,0,0,0,0.00,0.00,0.00,0.00,1,False,True
329,0,0,0,0,0,0,0,0,0,0,0,0,0,0.0,0.0,0.0,0.0,0,0,0,0,0,0.00,0.00,0.00,0.00,0,False,False
330,60,1,0,1,0,0,0,0,1,0,0,3,30,35.4,1.7,33.0,7.0,2,0,0,2,1,0.90,0.02,0.92,0.24,14,True,True
331,90,0,0,0,1,0,0,0,0,0,0,0,9,12.6,1.2,2.0,1.6,2,9,3,5,1,0.00,0.00,0.00,2.19,2,False,True
332,90,0,0,0,1,0,0,0,0,0,0,0,9,16.8,1.5,21.0,3.9,7,4,3,10,1,0.14,0.00,0.14,2.19,4,False,True
333,0,0,0,0,0,0,0,0,0,0,0,0,0,0.0,0.0,0.0,0.0,0,0,0,0,0,0.00,0.00,0.00,0.00,0,False,False
334,90,0,0,0,1,0,0,0,0,0,0,0,10,29.2,0.8,2.0,3.2,12,2,1,13,1,0.00,0.01,0.01,2.19,4,False,True
335,90,0,0,0,1,0,0,0,0,0,0,0,7,15.4,16.5,19.0,5.1,2,2,2,6,1,0.32,0.10,0.42,2.19,2,False,True
336,61,0,0,1,0,0,0,0,0,0,0,0,9,1.4,0.6,2.0,0.4,0,0,0,0,1,0.00,0.01,0.01,0.24,3,False,True
337,28,0,0,0,1,0,0,0,0,0,0,0,5,0.0,1.0,0.0,0.1,0,0,0,0,0,0.00,0.00,0.00,1.95,1,False,True
338,90,0,0,0,1,0,0,0,0,0,0,0,13,23.6,1.3,0.0,2.5,6,1,4,11,1,0.00,0.01,0.01,2.19,2,False,True
339,0,0,0,0,0,0,0,0,0,0,0,0,0,0.0,0.0,0.0,0.0,0,0,0,0,0,0.00,0.00,0.00,0.00,0,False,False
340,0,0,0,0,0,0,0,0,0,0,0,0,0,0.0,0.0,0.0,0.0,0,0,0,0,0,0.00,0.00,0.00,0.00,0,False,False
341,0,0,0,0,0,0,0,0,0,0,0,0,0,0.0,0.0,0.0,0.0,0,0,0,0,0,0.00,0.00,0.00,0.00,0,False,False
342,0,0,0,0,0,0,0,0,0,0,0,0,0,0.0,0.0,0.0,0.0,0,0,0,0,0,0.00,0.00,0.00,0.00,0,False,False
343,0,0,0,0,0,0,0,0,0,0,0,0,0,0.0,0.0,0.0,0.0,0,0,0,0,0,0.00,0.00,0.00,0.00,0,False,False
344,0,0,0,0,0,0,0,0,0,0,0,0,0,0.0,0.0,0.0,0.0,0,0,0,0,0,0.00,0.00,0.00,0.00,0,False,False
345,72,0,1,0,1,0,0,0,0,0,0,0,18,20.8,12.2,13.0,4.6,3,3,2,8,1,0.53,0.01,0.54,0.87,5,False,True
346,72,0,0,0,1,0,0,0,1,0,0,0,0,4.4,11.3,21.0,3.7,1,2,0,3,1,0.56,0.06,0.62,0.87,1,False,True
347,17,0,0,0,0,0,0,0,0,0,0,0,2,0.0,1.8,9.0,0.9,0,0,0,0,0,0.17,0.14,0.31,1.32,1,False,True
348,0,0,0,0,0,0,0,0,0,0,0,0,0,0.0,0.0,0.0,0.0,0,0,0,0,0,0.00,0.00,0.00,0.00,0,False,False
349,0,0,0,0,0,0,0,0,0,0,0,0,0,0.0,0.0,0.0,0.0,0,0,0,0,0,0.00,0.00,0.00,0.00,0,False,False
350,90,0,0,1,0,0,0,0,0,0,5,1,35,30.4,0.0,0.0,3.0,2,14,0,0,1,0.00,0.00,0.00,0.75,8,False,True
351,0,0,0,0,0,0,0,0,0,0,0,0,0,0.0,0.0,0.0,0.0,0,0,0,0,0,0.00,0.00,0.00,0.00,0,False,False
352,0,0,0,0,0,0,0,0,0,0,0,0,0,0.0,0.0,0.0,0.0,0,0,0,0,0,0.00,0.00,0.00,0.00,0,False,False
353,0,0,0,0,0,0,0,0,0,0,0,0,0,0.0,0.0,0.0,0.0,0,0,0,0,0,0.00,0.00,0.00,0.00,0,False,False
354,0,0,0,0,0,0,0,0,0,0,0,0,0,0.0,0.0,0.0,0.0,0,0,0,0,0,0.00,0.00,0.00,0.00,0,False,False
355,0,0,0,0,0,0,0,0,0,0,0,0,0,0.0,0.0,0.0,0.0,0,0,0,0,0,0.00,0.00,0.00,0.00,0,False,False
356,90,0,0,1,0,0,0,0,0,0,0,0,32,23.2,1.8,0.0,2.5,4,4,3,7,1,0.00,0.02,0.02,0.75,6,False,True
357,0,0,0,0,0,0,0,0,0,0,0,0,0,0.0,0.0,0.0,0.0,0,0,0,0,0,0.00,0.00,0.00,0.00,0,False,False
358,90,0,0,1,0,0,0,0,1,0,0,0,23,13.8,11.3,0.0,2.5,3,1,2,5,1,0.00,0.03,0.03,0.75,5,False,True
359,0,0,0,0,0,0,0,0,0,0,0,0,0,0.0,0.0,0.0,0.0,0,0,0,0,0,0.00,0.00,0.00,0.00,0,False,False
360,0,0,0,0,0,0,0,0,0,0,0,0,0,0.0,0.0,0.0,0.0,0,0,0,0,0,0.00,0.00,0.00,0.00,0,False,False
361,0,0,0,0,0,0,0,0,0,0,0,0,0,0.0,0.0,0.0,0.0,0,0,0,0,0,0.00,0.00,0.00,0.00,0,False,False
362,90,0,0,1,0,0,0,0,1,0,0,0,28,22.8,12.5,2.0,3.7,6,3,3,9,1,0.00,0.03,0.03,0.75,5,False,True
363,0,0,0,0,0,0,0,0,0,0,0,0,0,0.0,0.0,0.0,0.0,0,0,0,0,0,0.00,0.00,0.00,0.00,0,False,False
364,0,0,0,0,0,0,0,0,0,0,0,0,0,0.0,0.0,0.0,0.0,0,0,0,0,0,0.00,0.00,0.00,0.00,0,False,False
365,0,0,0,0,0,0,0,0,0,0,0,0,0,0.0,0.0,0.0,0.0,0,0,0,0,0,0.00,0.00,0.00,0.00,0,False,False
366,90,0,0,1,0,0,0,0,0,0,0,0,14,6.6,34.0,22.0,6.3,0,4,0,4,1,0.18,0.05,0.23,0.65,3,False,True
367,90,0,2,1,0,0,0,0,0,0,0,2,43,49.6,42.7,13.0,10.5,2,5,3,10,1,0.06,0.40,0.46,0.75,11,True,True
368,90,0,0,1,0,0,0,0,0,0,0,0,20,19.4,29.9,21.0,7.0,3,6,0,9,1,0.16,0.08,0.24,0.75,3,False,True
369,0,0,0,0,0,0,0,0,0,0,0,0,0,0.0,0.0,0.0,0.0,0,0,0,0,0,0.00,0.00,0.00,0.00,0,False,False
370,0,0,0,0,0,0,0,0,0,0,0,0,0,0.0,0.0,0.0,0.0,0,0,0,0,0,0.00,0.00,0.00,0.00,0,False,False
371,26,0,0,0,0,0,0,0,0,0,0,0,2,2.2,1.7,0.0,0.4,1,1,0,2,0,0.00,0.00,0.00,0.17,1,False,True
372,83,0,0,1,0,0,0,0,1,0,0,0,14,16.6,12.8,18.0,4.7,3,5,3,11,1,0.08,0.02,0.10,0.60,2,False,True
373,0,0,0,0,0,0,0,0,0,0,0,0,0,0.0,0.0,0.0,0.0,0,0,0,0,0,0.00,0.00,0.00,0.00,0,False,False
374,0,0,0,0,0,0,0,0,0,0,0,0,0,0.0,0.0,0.0,0.0,0,0,0,0,0,0.00,0.00,0.00,0.00,0,False,False
375,6,0,0,0,0,0,0,0,0,0,0,0,3,0.2,0.1,0.0,0.0,0,0,0,0,0,0.00,0.00,0.00,0.15,1,False,True
376,0,0,0,0,0,0,0,0,0,0,0,0,0,0.0,0.0,0.0,0.0,0,0,0,0,0,0.00,0.00,0.00,0.00,0,False,False
377,63,0,0,1,0,0,0,0,0,0,0,0,9,0.8,4.3,6.0,1.1,0,4,0,4,1,0.00,0.02,0.02,0.58,3,False,True
378,0,0,0,0,0,0,0,0,0,0,0,0,0,0.0,0.0,0.0,0.0,0,0,0,0,0,0.00,0.00,0.00,0.00,0,False,False
379,63,2,0,1,0,0,0,0,0,0,0,3,61,67.0,6.4,34.0,10.7,1,2,0,3,1,0.21,0.05,0.26,0.58,13,True,True
380,0,0,0,0,0,0,0,0,0,0,0,0,0,0.0,0.0,0.0,0.0,0,0,0,0,0,0.00,0.00,0.00,0.00,0,False,False
381,1,0,0,0,0,0,0,0,0,0,0,0,3,0.0,0.0,0.0,0.0,0,0,0,0,0,0.00,0.00,0.00,0.10,1,False,True
382,0,0,0,0,0,0,0,0,0,0,0,0,0,0.0,0.0,0.0,0.0,0,0,0,0,0,0.00,0.00,0.00,0.00,0,False,False
383,0,0,0,0,0,0,0,0,0,0,0,0,0,0.0,0.0,0.0,0.0,0,0,0,0,0,0.00,0.00,0.00,0.00,0,False,False
384,90,0,0,1,0,0,0,0,0,0,3,0,29,26.8,0.0,0.0,2.7,1,2,0,0,1,0.00,0.00,0.00,1.37,7,False,True
385,90,0,0,0,1,0,0,0,0,0,4,0,18,34.8,0.0,0.0,3.5,2,11,0,0,1,0.00,0.00,0.00,2.19,3,False,True
386,0,0,0,0,0,0,0,0,0,0,0,0,0,0.0,0.0,0.0,0.0,0,0,0,0,0,0.00,0.00,0.00,0.00,0,False,False
387,0,0,0,0,0,0,0,0,0,0,0,0,0,0.0,0.0,0.0,0.0,0,0,0,0,0,0.00,0.00,0.00,0.00,0,False,False
388,90,0,0,1,0,0,0,0,0,0,0,2,31,28.8,9.6,2.0,4.0,9,6,0,9,1,0.00,0.02,0.02,1.37,8,False,True
389,0,0,0,0,0,0,0,0,0,0,0,0,0,0.0,0.0,0.0,0.0,0,0,0,0,0,0.00,0.00,0.00,0.00,0,False,False
390,90,0,0,1,0,0,0,0,0,0,0,0,25,20.6,6.6,0.0,2.7,3,0,0,3,1,0.00,0.03,0.03,1.37,6,False,True
391,90,0,0,1,0,0,0,0,0,0,0,2,31,18.8,6.9,7.0,3.3,4,7,4,8,1,0.01,0.02,0.03,1.37,8,False,True
392,0,0,0,0,0,0,0,0,0,0,0,0,0,0.0,0.0,0.0,0.0,0,0,0,0,0,0.00,0.00,0.00,0.00,0,False,False
393,90,0,0,1,0,0,0,0,1,0,0,0,22,13.6,3.9,0.0,1.8,4,4,2,6,1,0.00,0.02,0.02,1.37,5,False,True
394,0,0,0,0,0,0,0,0,0,0,0,0,0,0.0,0.0,0.0,0.0,0,0,0,0,0,0.00,0.00,0.00,0.00,0,False,False
395,0,0,0,0,0,0,0,0,0,0,0,0,0,0.0,0.0,0.0,0.0,0,0,0,0,0,0.00,0.00,0.00,0.00,0,False,False
396,0,0,0,0,0,0,0,0,0,0,0,0,0,0.0,0.0,0.0,0.0,0,0,0,0,0,0.00,0.00,0.00,0.00,0,False,False
397,90,0,1,1,0,0,0,0,0,0,0,0,26,22.6,45.9,11.0,8.0,0,3,1,4,1,0.05,0.34,0.39,1.37,6,False,True
398,24,0,0,0,0,0,0,0,0,0,0,0,3,4.4,14.8,7.0,2.6,0,1,0,1,0,0.62,0.01,0.63,0.50,1,False,True
399,65,0,0,1,0,0,0,0,0,0,0,0,23,7.4,52.2,24.0,8.4,0,3,0,3,1,0.21,0.30,0.51,0.86,3,False,True
400,0,0,0,0,0,0,0,0,0,0,0,0,0,0.0,0.0,0.0,0.0,0,0,0,0,0,0.00,0.00,0.00,0.00,0,False,False
401,83,0,0,1,0,0,0,0,0,0,0,0,6,0.0,2.4,10.0,1.0,0,0,0,0,1,0.17,0.01,0.18,0.88,2,False,True
402,0,0,0,0,0,0,0,0,0,0,0,0,0,0.0,0.0,0.0,0.0,0,0,0,0,0,0.00,0.00,0.00,0.00,0,False,False
403,60,0,0,1,0,0,0,0,0,0,0,0,15,6.2,17.3,15.0,3.9,0,0,0,0,1,0.02,0.27,0.29,0.49,3,False,True
404,0,0,0,0,0,0,0,0,0,0,0,0,0,0.0,0.0,0.0,0.0,0,0,0,0,0,0.00,0.00,0.00,0.00,0,False,False
405,76,0,0,0,2,0,0,0,0,0,0,0,11,6.2,12.4,2.0,2.1,1,6,0,7,1,0.00,0.01,0.01,1.33,2,False,True
406,0,0,0,0,0,0,0,0,0,0,0,0,0,0.0,0.0,0.0,0.0,0,0,0,0,0,0.00,0.00,0.00,0.00,0,False,False
407,0,0,0,0,0,0,0,0,0,0,0,0,0,0.0,0.0,0.0,0.0,0,0,0,0,0,0.00,0.00,0.00,0.00,0,False,False
408,0,0,0,0,0,0,0,0,0,0,0,0,0,0.0,0.0,0.0,0.0,0,0,0,0,0,0.00,0.00,0.00,0.00,0,False,False
409,0,0,0,0,0,0,0,0,0,0,0,0,0,0.0,0.0,0.0,0.0,0,0,0,0,0,0.00,0.00,0.00,0.00,0,False,False
410,0,0,0,0,0,0,0,0,0,0,0,0,0,0.0,0.0,0.0,0.0,0,0,0,0,0,0.00,0.00,0.00,0.00,0,False,False
411,90,1,0,1,0,0,0,0,0,0,0,3,40,48.8,13.6,63.0,12.5,5,2,0,7,1,1.06,0.48,1.54,1.37,9,True,True
412,90,0,0,0,2,0,0,0,0,0,4,0,13,31.8,0.0,0.0,3.2,1,14,0,0,1,0.00,0.00,0.00,1.01,2,False,True
413,0,0,0,0,0,0,0,0,0,0,0,0,0,0.0,0.0,0.0,0.0,0,0,0,0,0,0.00,0.00,0.00,0.00,0,False,False
414,0,0,0,0,0,0,0,0,0,0,0,0,0,0.0,0.0,0.0,0.0,0,0,0,0,0,0.00,0.00,0.00,0.00,0,False,False
415,20,0,0,0,2,0,0,0,0,0,0,0,3,4.2,1.3,2.0,0.8,1,1,1,3,0,0.00,0.01,0.01,0.36,1,False,True
416,0,0,0,0,0,0,0,0,0,0,0,0,0,0.0,0.0,0.0,0.0,0,0,0,0,0,0.00,0.00,0.00,0.00,0,False,False
417,83,0,0,0,1,0,0,0,1,0,0,0,8,4.8,22.7,6.0,3.4,2,3,2,4,1,0.01,0.01,0.02,0.92,1,False,True
418,90,0,0,0,2,0,0,0,1,0,0,0,1,26.8,1.3,2.0,3.0,12,2,0,12,1,0.00,0.01,0.01,1.01,2,False,True
419,90,0,0,0,2,0,0,0,0,0,0,0,7,29.0,0.3,0.0,2.9,10,2,0,10,1,0.00,0.00,0.00,1.01,3,False,True
420,6,0,0,0,1,0,0,0,0,0,0,0,1,6.0,0.6,2.0,0.9,1,0,2,3,0,0.00,0.01,0.01,0.09,1,False,True
421,0,0,0,0,0,0,0,0,0,0,0,0,0,0.0,0.0,0.0,0.0,0,0,0,0,0,0.00,0.00,0.00,0.00,0,False,False
422,1,0,0,0,1,0,0,0,0,0,0,0,-1,2.2,0.5,2.0,0.5,0,0,1,1,0,0.00,0.01,0.01,0.07,1,False,True
423,90,0,1,0,1,0,0,0,1,0,0,0,22,42.4,24.8,3.0,7.0,7,1,1,8,1,0.02,0.23,0.25,0.94,4,False,True
424,0,0,0,0,0,0,0,0,0,0,0,0,0,0.0,0.0,0.0,0.0,0,0,0,0,0,0.00,0.00,0.00,0.00,0,False,False
425,0,0,0,0,0,0,0,0,0,0,0,0,0,0.0,0.0,0.0,0.0,0,0,0,0,0,0.00,0.00,0.00,0.00,0,False,False
426,90,0,0,0,2,0,0,0,0,0,0,0,11,3.4,33.6,14.0,5.1,0,2,0,2,1,0.15,0.06,0.21,1.01,2,False,True
427,90,1,0,0,2,0,0,0,0,0,0,1,29,39.8,13.7,18.0,7.2,4,4,0,8,1,0.05,0.03,0.08,1.01,8,False,True
428,69,0,0,1,0,0,0,0,0,0,0,0,10,2.8,6.2,10.0,1.9,0,1,2,3,1,0.12,0.05,0.17,0.65,3,False,True
429,69,0,0,1,0,0,0,0,0,0,0,0,11,3.8,12.5,8.0,2.4,0,4,0,4,1,0.00,0.06,0.06,0.65,3,False,True
430,0,0,0,0,0,0,0,0,0,0,0,0,0,0.0,0.0,0.0,0.0,0,0,0,0,0,0.00,0.00,0.00,0.00,0,False,False
431,0,0,0,0,0,0,0,0,0,0,0,0,0,0.0,0.0,0.0,0.0,0,0,0,0,0,0.00,0.00,0.00,0.00,0,False,False
432,83,0,1,0,1,0,0,0,0,0,0,2,32,34.2,24.5,0.0,5.9,3,10,2,15,1,0.00,0.07,0.07,0.92,9,False,True
433,0,0,0,0,0,0,0,0,0,0,0,0,0,0.0,0.0,0.0,0.0,0,0,0,0,0,0.00,0.00,0.00,0.00,0,False,False
434,0,0,0,0,0,0,0,0,0,0,0,0,0,0.0,0.0,0.0,0.0,0,0,0,0,0,0.00,0.00,0.00,0.00,0,False,False
435,0,0,0,0,0,0,0,0,0,0,0,0,0,0.0,0.0,0.0,0.0,0,0,0,0,0,0.00,0.00,0.00,0.00,0,False,False
436,0,0,0,0,0,0,0,0,0,0,0,0,0,0.0,0.0,0.0,0.0,0,0,0,0,0,0.00,0.00,0.00,0.00,0,False,False
437,0,0,0,0,0,0,0,0,0,0,0,0,0,0.0,0.0,0.0,0.0,0,0,0,0,0,0.00,0.00,0.00,0.00,0,False,False
438,0,0,0,0,0,0,0,0,0,0,0,0,0,0.0,0.0,0.0,0.0,0,0,0,0,0,0.00,0.00,0.00,0.00,0,False,False
439,20,1,0,0,2,0,0,0,0,0,0,0,28,31.2,0.2,21.0,5.2,0,0,0,0,0,0.29,0.00,0.29,0.36,5,False,True
440,0,0,0,0,0,0,0,0,0,0,0,0,0,0.0,0.0,0.0,0.0,0,0,0,0,0,0.00,0.00,0.00,0.00,0,False,False
441,0,0,0,0,0,0,0,0,0,0,0,0,0,0.0,0.0,0.0,0.0,0,0,0,0,0,0.00,0.00,0.00,0.00,0,False,False
442,0,0,0,0,0,0,0,0,0,0,0,0,0,0.0,0.0,0.0,0.0,0,0,0,0,0,0.00,0.00,0.00,0.00,0,False,False
443,0,0,0,0,0,0,0,0,0,0,0,0,0,0.0,0.0,0.0,0.0,0,0,0,0,0,0.00,0.00,0.00,0.00,0,False,False
444,0,0,0,0,0,0,0,0,0,0,0,0,0,0.0,0.0,0.0,0.0,0,0,0,0,0,0.00,0.00,0.00,0.00,0,False,False
445,90,0,0,0,2,1,0,0,0,0,0,0,0,7.6,12.3,2.0,2.2,3,3,0,3,1,0.00,0.05,0.05,1.37,-1,False,True
446,0,0,0,0,0,0,0,0,0,0,0,0,0,0.0,0.0,0.0,0.0,0,0,0,0,0,0.00,0.00,0.00,0.00,0,False,False
447,90,0,0,0,2,0,0,0,0,0,0,0,3,26.0,0.9,4.0,3.1,8,3,1,9,1,0.00,0.16,0.16,1.37,1,False,True
448,0,0,0,0,0,0,0,0,0,0,0,0,0,0.0,0.0,0.0,0.0,0,0,0,0,0,0.00,0.00,0.00,0.00,0,False,False
449,89,0,1,0,2,0,0,0,0,0,0,0,20,28.0,13.4,3.0,4.4,5,13,1,6,1,0.01,0.01,0.02,1.35,4,False,True
450,1,0,0,0,0,0,0,0,0,0,0,0,3,0.2,0.0,0.0,0.0,0,0,0,0,0,0.00,0.00,0.00,0.02,1,False,True
451,0,0,0,0,0,0,0,0,0,0,0,0,0,0.0,0.0,0.0,0.0,0,0,0,0,0,0.00,0.00,0.00,0.00,0,False,False
452,0,0,0,0,0,0,0,0,0,0,0,0,0,0.0,0.0,0.0,0.0,0,0,0,0,0,0.00,0.00,0.00,0.00,0,False,False
453,90,1,1,0,2,0,0,0,0,0,0,2,37,33.0,2.8,23.0,5.9,2,4,0,6,1,0.11,0.03,0.14,1.37,12,True,True
454,76,0,0,0,2,0,0,0,1,0,0,0,8,8.4,31.8,4.0,4.4,1,1,2,4,1,0.00,0.23,0.23,1.33,1,False,True
455,90,0,0,1,0,0,0,0,0,0,0,0,22,22.8,8.0,0.0,3.1,4,4,4,12,1,0.00,0.01,0.01,0.92,5,False,True
456,27,1,0,0,0,0,0,0,0,0,0,0,22,32.4,0.8,17.0,5.0,0,4,0,4,0,0.11,0.02,0.13,0.04,6,False,True
457,13,0,0,0,0,0,0,0,0,0,0,0,5,0.2,0.3,0.0,0.1,0,1,0,1,0,0.00,0.00,0.00,0.04,1,False,True
458,0,0,0,0,0,0,0,0,0,0,0,0,0,0.0,0.0,0.0,0.0,0,0,0,0,0,0.00,0.00,0.00,0.00,0,False,False
459,62,0,0,0,2,0,0,0,0,0,0,0,11,3.2,1.1,2.0,0.6,1,3,0,4,1,0.00,0.02,0.02,1.33,2,False,True
460,62,0,0,0,2,0,0,0,0,0,0,0,6,6.0,2.2,11.0,1.9,1,1,1,3,1,0.36,0.01,0.37,1.33,2,False,True
461,0,0,0,0,0,0,0,0,0,0,0,0,0,0.0,0.0,0.0,0.0,0,0,0,0,0,0.00,0.00,0.00,0.00,0,False,False
462,13,0,0,0,0,0,0,0,0,0,0,0,3,2.0,0.5,0.0,0.3,1,1,0,2,0,0.00,0.00,0.00,0.04,1,False,True
463,0,0,0,0,0,0,0,0,0,0,0,0,0,0.0,0.0,0.0,0.0,0,0,0,0,0,0.00,0.00,0.00,0.00,0,False,False
464,90,0,0,0,2,0,0,0,1,0,0,0,7,0.0,7.3,0.0,0.7,0,3,0,3,1,0.00,0.03,0.03,1.37,1,False,True
465,0,0,0,0,0,0,0,0,0,0,0,0,0,0.0,0.0,0.0,0.0,0,0,0,0,0,0.00,0.00,0.00,0.00,0,False,False
466,0,0,0,0,0,0,0,0,0,0,0,0,0,0.0,0.0,0.0,0.0,0,0,0,0,0,0.00,0.00,0.00,0.00,0,False,False
467,90,0,0,1,0,0,0,0,0,0,0,0,21,2.4,0.0,0.0,0.2,1,11,0,0,1,0.00,0.00,0.00,1.06,6,False,True
468,0,0,0,0,0,0,0,0,0,0,0,0,0,0.0,0.0,0.0,0.0,0,0,0,0,0,0.00,0.00,0.00,0.00,0,False,False
469,90,0,0,1,0,0,0,0,0,0,0,1,28,11.4,10.9,4.0,2.6,3,8,3,6,1,0.00,0.07,0.07,1.06,7,False,True
470,0,0,0,0,0,0,0,0,0,0,0,0,0,0.0,0.0,0.0,0.0,0,0,0,0,0,0.00,0.00,0.00,0.00,0,False,False
471,90,0,0,1,0,0,0,0,1,0,0,0,27,28.6,0.8,2.0,3.1,9,3,2,11,1,0.00,0.01,0.01,1.06,7,False,True
472,89,0,0,1,0,0,0,0,0,0,0,0,25,17.8,1.2,10.0,2.9,6,4,4,10,1,0.17,0.00,0.17,1.06,8,False,True
473,58,0,0,0,0,0,0,0,0,0,0,0,8,13.0,0.5,0.0,1.4,2,4,5,7,1,0.00,0.00,0.00,0.81,1,False,True
474,90,0,0,1,0,0,0,0,0,0,0,0,24,20.0,0.7,1.0,2.2,10,2,2,12,1,0.03,0.01,0.04,1.06,8,False,True
475,0,0,0,0,0,0,0,0,0,0,0,0,0,0.0,0.0,0.0,0.0,0,0,0,0,0,0.00,0.00,0.00,0.00,0,False,False
476,0,0,0,0,0,0,0,0,0,0,0,0,0,0.0,0.0,0.0,0.0,0,0,0,0,0,0.00,0.00,0.00,0.00,0,False,False
477,0,0,0,0,0,0,0,0,0,0,0,0,0,0.0,0.0,0.0,0.0,0,0,0,0,0,0.00,0.00,0.00,0.00,0,False,False
478,0,0,0,0,0,0,0,0,0,0,0,0,0,0.0,0.0,0.0,0.0,0,0,0,0,0,0.00,0.00,0.00,0.00,0,False,False
479,0,0,0,0,0,0,0,0,0,0,0,0,0,0.0,0.0,0.0,0.0,0,0,0,0,0,0.00,0.00,0.00,0.00,0,False,False
480,90,0,0,1,0,0,0,0,0,0,0,0,3,5.6,3.0,13.0,2.2,0,5,2,7,1,0.48,0.01,0.49,1.06,3,False,True
481,90,0,0,1,0,0,0,0,0,0,0,0,23,26.6,28.1,5.0,6.0,4,6,1,11,1,0.02,0.17,0.19,1.37,3,False,True
482,0,0,0,0,0,0,0,0,0,0,0,0,0,0.0,0.0,0.0,0.0,0,0,0,0,0,0.00,0.00,0.00,0.00,0,False,False
483,58,0,0,0,0,0,0,0,0,0,0,0,5,0.4,0.3,0.0,0.1,0,4,1,5,1,0.00,0.00,0.00,0.81,1,False,True
484,0,0,0,0,0,0,0,0,0,0,0,0,0,0.0,0.0,0.0,0.0,0,0,0,0,0,0.00,0.00,0.00,0.00,0,False,False
485,0,0,0,0,0,0,0,0,0,0,0,0,0,0.0,0.0,0.0,0.0,0,0,0,0,0,0.00,0.00,0.00,0.00,0,False,False
486,90,0,0,1,0,0,0,0,1,0,0,0,22,14.2,59.5,10.0,8.4,0,4,3,7,1,0.13,0.22,0.35,1.06,2,False,True
487,0,0,0,0,0,0,0,0,0,0,0,0,0,0.0,0.0,0.0,0.0,0,0,0,0,0,0.00,0.00,0.00,0.00,0,False,False
488,0,0,0,0,0,0,0,0,0,0,0,0,0,0.0,0.0,0.0,0.0,0,0,0,0,0,0.00,0.00,0.00,0.00,0,False,False
489,0,0,0,0,0,0,0,0,0,0,0,0,0,0.0,0.0,0.0,0.0,0,0,0,0,0,0.00,0.00,0.00,0.00,0,False,False
490,16,0,0,0,0,0,0,0,0,0,0,0,3,0.2,0.1,0.0,0.0,0,0,0,0,0,0.00,0.00,0.00,0.18,1,False,True
491,31,0,0,0,0,0,0,0,0,0,0,0,3,1.2,0.4,0.0,0.2,0,0,1,1,0,0.00,0.00,0.00,0.26,1,False,True
492,70,0,0,0,1,0,0,0,0,0,0,0,6,3.6,10.3,3.0,1.7,2,3,0,5,1,0.31,0.00,0.31,1.17,2,False,True
493,0,0,0,0,0,0,0,0,0,0,0,0,0,0.0,0.0,0.0,0.0,0,0,0,0,0,0.00,0.00,0.00,0.00,0,False,False
494,0,0,0,0,0,0,0,0,0,0,0,0,0,0.0,0.0,0.0,0.0,0,0,0,0,0,0.00,0.00,0.00,0.00,0,False,False
495,0,0,0,0,0,0,0,0,0,0,0,0,0,0.0,0.0,0.0,0.0,0,0,0,0,0,0.00,0.00,0.00,0.00,0,False,False
496,90,0,0,1,0,0,0,0,0,0,1,0,24,10.4,10.0,0.0,2.0,2,8,0,0,1,0.00,0.00,0.00,0.92,6,False,True
497,0,0,0,0,0,0,0,0,0,0,0,0,0,0.0,0.0,0.0,0.0,0,0,0,0,0,0.00,0.00,0.00,0.00,0,False,False
498,0,0,0,0,0,0,0,0,0,0,0,0,0,0.0,0.0,0.0,0.0,0,0,0,0,0,0.00,0.00,0.00,0.00,0,False,False
499,90,0,0,1,0,0,0,0,0,0,0,1,28,13.2,35.8,6.0,5.5,3,3,1,4,1,0.03,0.06,0.09,0.92,7,False,True
500,0,0,0,0,0,0,0,0,0,0,0,0,0,0.0,0.0,0.0,0.0,0,0,0,0,0,0.00,0.00,0.00,0.00,0,False,False
501,90,0,0,0,1,0,0,0,0,0,0,0,9,20.8,10.9,0.0,3.2,7,3,1,8,1,0.00,0.08,0.08,1.21,2,False,True
502,29,0,0,0,0,0,0,0,0,0,0,0,3,6.0,0.3,0.0,0.6,1,1,0,1,0,0.00,0.00,0.00,0.43,1,False,True
503,90,0,0,1,0,0,0,0,0,0,0,3,30,21.4,1.2,14.0,3.7,6,4,3,9,1,0.57,0.00,0.57,0.92,9,False,True
504,90,1,0,0,1,0,0,0,0,0,0,2,27,56.2,1.8,40.0,9.8,8,4,2,10,1,0.19,0.01,0.20,2.49,12,True,True
505,0,0,0,0,0,0,0,0,0,0,0,0,0,0.0,0.0,0.0,0.0,0,0,0,0,0,0.00,0.00,0.00,0.00,0,False,False
506,60,0,0,1,0,0,0,0,1,0,0,0,16,4.6,1.3,2.0,0.8,3,1,0,3,1,0.00,0.02,0.02,0.49,5,False,True
507,0,0,0,0,0,0,0,0,0,0,0,0,0,0.0,0.0,0.0,0.0,0,0,0,0,0,0.00,0.00,0.00,0.00,0,False,False
508,0,0,0,0,0,0,0,0,0,0,0,0,0,0.0,0.0,0.0,0.0,0,0,0,0,0,0.00,0.00,0.00,0.00,0,False,False
509,0,0,0,0,0,0,0,0,0,0,0,0,0,0.0,0.0,0.0,0.0,0,0,0,0,0,0.00,0.00,0.00,0.00,0,False,False
510,0,0,0,0,0,0,0,0,0,0,0,0,0,0.0,0.0,0.0,0.0,0,0,0,0,0,0.00,0.00,0.00,0.00,0,False,False
511,0,0,0,0,0,0,0,0,0,0,0,0,0,0.0,0.0,0.0,0.0,0,0,0,0,0,0.00,0.00,0.00,0.00,0,False,False
512,29,0,0,0,0,0,0,0,0,0,0,0,13,5.2,15.1,2.0,2.2,0,3,0,3,0,0.00,0.16,0.16,0.43,1,False,True
513,0,0,0,0,0,0,0,0,0,0,0,0,0,0.0,0.0,0.0,0.0,0,0,0,0,0,0.00,0.00,0.00,0.00,0,False,False
514,73,0,0,1,0,0,0,0,0,0,0,0,11,6.8,20.2,20.0,4.7,0,2,0,2,1,0.00,0.05,0.05,0.76,3,False,True
515,0,0,0,0,0,0,0,0,0,0,0,0,0,0.0,0.0,0.0,0.0,0,0,0,0,0,0.00,0.00,0.00,0.00,0,False,False
516,90,0,0,1,0,0,0,0,0,0,0,0,14,18.4,3.3,6.0,2.8,11,5,1,17,1,0.02,0.01,0.03,0.92,5,False,True
517,0,0,0,0,0,0,0,0,0,0,0,0,0,0.0,0.0,0.0,0.0,0,0,0,0,0,0.00,0.00,0.00,0.00,0,False,False
518,0,0,0,0,0,0,0,0,0,0,0,0,0,0.0,0.0,0.0,0.0,0,0,0,0,0,0.00,0.00,0.00,0.00,0,False,False
519,83,0,0,1,0,0,0,0,0,0,0,0,23,10.2,4.4,2.0,1.7,1,6,4,11,1,0.00,0.06,0.06,0.88,3,False,True
520,0,0,0,0,0,0,0,0,0,0,0,0,0,0.0,0.0,0.0,0.0,0,0,0,0,0,0.00,0.00,0.00,0.00,0,False,False
521,0,0,0,0,0,0,0,0,0,0,0,0,0,0.0,0.0,0.0,0.0,0,0,0,0,0,0.00,0.00,0.00,0.00,0,False,False
522,0,0,0,0,0,0,0,0,0,0,0,0,0,0.0,0.0,0.0,0.0,0,0,0,0,0,0.00,0.00,0.00,0.00,0,False,False
523,0,0,0,0,0,0,0,0,0,0,0,0,0,0.0,0.0,0.0,0.0,0,0,0,0,0,0.00,0.00,0.00,0.00,0,False,False
524,0,0,0,0,0,0,0,0,0,0,0,0,0,0.0,0.0,0.0,0.0,0,0,0,0,0,0.00,0.00,0.00,0.00,0,False,False
525,7,0,0,0,0,0,0,0,1,0,0,0,-1,0.0,0.4,0.0,0.0,0,0,0,0,0,0.00,0.00,0.00,0.04,0,False,True
526,6,0,0,0,0,0,0,0,0,0,0,0,-1,0.0,0.3,4.0,0.4,1,0,0,1,0,0.17,0.00,0.17,0.04,1,False,True
527,0,0,0,0,0,0,0,0,0,0,0,0,0,0.0,0.0,0.0,0.0,0,0,0,0,0,0.00,0.00,0.00,0.00,0,False,False
528,0,0,0,0,0,0,0,0,0,0,0,0,0,0.0,0.0,0.0,0.0,0,0,0,0,0,0.00,0.00,0.00,0.00,0,False,False
529,90,0,0,0,1,0,0,0,0,0,1,0,11,12.6,0.0,0.0,1.3,1,13,0,0,1,0.00,0.00,0.00,1.21,2,False,True
530,0,0,0,0,0,0,0,0,0,0,0,0,0,0.0,0.0,0.0,0.0,0,0,0,0,0,0.00,0.00,0.00,0.00,0,False,False
531,0,0,0,0,0,0,0,0,0,0,0,0,0,0.0,0.0,0.0,0.0,0,0,0,0,0,0.00,0.00,0.00,0.00,0,False,False
532,90,0,0,0,1,0,0,0,0,0,0,0,12,25.0,10.3,8.0,4.3,8,5,2,10,1,0.06,0.14,0.20,1.21,4,False,True
533,90,0,0,0,1,0,0,0,0,0,0,0,16,32.4,5.0,0.0,3.7,10,6,4,14,1,0.00,0.02,0.02,1.21,4,False,True
534,26,0,0,0,0,0,0,0,0,0,0,0,8,3.8,0.1,0.0,0.4,0,2,2,2,0,0.00,0.00,0.00,0.45,1,False,True
535,0,0,0,0,0,0,0,0,0,0,0,0,0,0.0,0.0,0.0,0.0,0,0,0,0,0,0.00,0.00,0.00,0.00,0,False,False
536,90,0,0,0,1,0,0,0,0,0,0,0,14,14.4,1.5,0.0,1.6,4,7,3,7,1,0.00,0.01,0.01,1.21,2,False,True
537,0,0,0,0,0,0,0,0,0,0,0,0,0,0.0,0.0,0.0,0.0,0,0,0,0,0,0.00,0.00,0.00,0.00,0,False,False
538,0,0,0,0,0,0,0,0,0,0,0,0,0,0.0,0.0,0.0,0.0,0,0,0,0,0,0.00,0.00,0.00,0.00,0,False,False
539,0,0,0,0,0,0,0,0,0,0,0,0,0,0.0,0.0,0.0,0.0,0,0,0,0,0,0.00,0.00,0.00,0.00,0,False,False
540,0,0,0,0,0,0,0,0,0,0,0,0,0,0.0,0.0,0.0,0.0,0,0,0,0,0,0.00,0.00,0.00,0.00,0,False,False
541,63,0,0,0,1,0,0,0,0,0,0,0,0,5.2,1.5,6.0,1.3,2,0,0,2,1,0.11,0.00,0.11,0.76,2,False,True
542,90,1,0,0,1,0,0,0,0,0,0,1,25,40.0,3.7,24.0,6.8,0,2,4,6,1,0.84,0.03,0.87,1.21,8,False,True
543,0,0,0,0,0,0,0,0,0,0,0,0,0,0.0,0.0,0.0,0.0,0,0,0,0,0,0.00,0.00,0.00,0.00,0,False,False
544,90,0,0,0,1,0,0,0,1,0,0,0,12,15.2,20.5,3.0,3.9,4,9,2,15,1,0.06,0.12,0.18,1.21,3,False,True
545,73,0,0,0,1,0,0,0,1,0,0,0,16,8.8,15.0,48.0,7.2,0,3,0,3,1,0.28,0.18,0.46,0.82,1,False,True
546,0,0,0,0,0,0,0,0,0,0,0,0,0,0.0,0.0,0.0,0.0,0,0,0,0,0,0.00,0.00,0.00,0.00,0,False,False
547,0,0,0,0,0,0,0,0,0,0,0,0,0,0.0,0.0,0.0,0.0,0,0,0,0,0,0.00,0.00,0.00,0.00,0,False,False
548,0,0,0,0,0,0,0,0,0,0,0,0,0,0.0,0.0,0.0,0.0,0,0,0,0,0,0.00,0.00,0.00,0.00,0,False,False
549,0,0,0,0,0,0,0,0,0,0,0,0,0,0.0,0.0,0.0,0.0,0,0,0,0,0,0.00,0.00,0.00,0.00,0,False,False
550,0,0,0,0,0,0,0,0,0,0,0,0,0,0.0,0.0,0.0,0.0,0,0,0,0,0,0.00,0.00,0.00,0.00,0,False,False
551,63,0,0,0,1,0,0,0,0,0,0,0,11,8.6,5.7,16.0,3.0,1,3,1,5,1,0.00,0.07,0.07,0.76,2,False,True
552,90,0,0,0,1,0,0,0,0,0,0,0,11,4.4,37.1,29.0,7.1,0,3,0,3,1,0.26,0.06,0.32,1.21,2,False,True
553,26,0,1,0,0,0,0,0,0,0,0,0,15,0.2,0.3,10.0,1.1,0,2,0,2,0,0.10,0.01,0.11,0.45,4,False,True
554,0,0,0,0,0,0,0,0,0,0,0,0,0,0.0,0.0,0.0,0.0,0,0,0,0,0,0.00,0.00,0.00,0.00,0,False,False
555,0,0,0,0,0,0,0,0,0,0,0,0,0,0.0,0.0,0.0,0.0,0,0,0,0,0,0.00,0.00,0.00,0.00,0,False,False
556,0,0,0,0,0,0,0,0,0,0,0,0,0,0.0,0.0,0.0,0.0,0,0,0,0,0,0.00,0.00,0.00,0.00,0,False,False
557,90,0,1,0,1,0,0,0,1,0,0,1,31,30.6,50.0,4.0,8.5,2,5,1,8,1,0.00,0.20,0.20,0.39,5,False,True
558,90,0,0,1,0,0,0,0,0,0,0,0,18,11.2,2.3,1.0,1.5,3,3,4,10,1,0.03,0.06,0.09,1.06,3,False,True
559,0,0,0,0,0,0,0,0,0,0,0,0,0,0.0,0.0,0.0,0.0,0,0,0,0,0,0.00,0.00,0.00,0.00,0,False,False
560,0,0,0,0,0,0,0,0,0,0,0,0,0,0.0,0.0,0.0,0.0,0,0,0,0,0,0.00,0.00,0.00,0.00,0,False,False
561,0,0,0,0,0,0,0,0,0,0,0,0,0,0.0,0.0,0.0,0.0,0,0,0,0,0,0.00,0.00,0.00,0.00,0,False,False
562,65,0,0,0,2,0,0,0,0,0,0,0,9,8.2,0.1,17.0,2.5,2,1,2,5,1,0.04,0.00,0.04,0.62,2,False,True
563,0,0,0,0,0,0,0,0,0,0,0,0,0,0.0,0.0,0.0,0.0,0,0,0,0,0,0.00,0.00,0.00,0.00,0,False,False
564,90,0,0,0,2,0,0,0,0,0,5,0,13,27.8,0.0,0.0,2.8,0,7,0,0,1,0.00,0.00,0.00,0.69,2,False,True
565,45,0,0,0,0,0,0,0,1,0,0,0,0,0.0,1.3,8.0,0.6,1,3,1,5,1,0.15,0.01,0.16,0.35,0,False,True
566,90,0,0,0,2,0,0,0,0,0,0,0,8,23.8,1.2,17.0,4.2,7,2,1,8,1,0.02,0.01,0.03,0.71,1,False,True
567,90,0,0,0,2,0,0,0,0,0,4,0,12,33.4,0.0,0.0,3.3,0,6,0,0,1,0.00,0.00,0.00,1.37,2,False,True
568,0,0,0,0,0,0,0,0,0,0,0,0,0,0.0,0.0,0.0,0.0,0,0,0,0,0,0.00,0.00,0.00,0.00,0,False,False
569,90,0,0,0,3,0,0,0,0,0,0,0,10,5.8,14.0,39.0,5.9,3,3,1,7,1,0.44,0.20,0.64,1.97,2,False,True
570,60,1,0,0,2,0,0,0,0,0,0,1,27,33.8,13.7,51.0,9.9,0,0,0,0,1,0.80,0.02,0.82,1.14,8,False,True
571,0,0,0,0,0,0,0,0,0,0,0,0,0,0.0,0.0,0.0,0.0,0,0,0,0,0,0.00,0.00,0.00,0.00,0,False,False
572,90,0,0,1,0,0,0,0,0,0,1,0,25,11.6,0.0,0.0,1.2,0,10,0,0,1,0.00,0.00,0.00,1.93,6,False,True
573,0,0,0,0,0,0,0,0,0,0,0,0,0,0.0,0.0,0.0,0.0,0,0,0,0,0,0.00,0.00,0.00,0.00,0,False,False
574,8,0,0,0,0,0,0,0,0,0,0,0,4,0.0,0.0,0.0,0.0,0,1,0,1,0,0.00,0.00,0.00,0.00,1,False,True
575,27,0,0,0,0,0,0,0,0,0,0,0,4,1.0,0.3,0.0,0.1,2,4,0,6,0,0.00,0.00,0.00,0.95,1,False,True
576,62,0,0,1,0,0,0,0,0,0,0,0,5,0.0,11.8,4.0,1.4,0,2,0,2,1,0.04,0.01,0.05,1.81,3,False,True
577,0,0,0,0,0,0,0,0,0,0,0,0,0,0.0,0.0,0.0,0.0,0,0,0,0,0,0.00,0.00,0.00,0.00,0,False,False
578,16,0,0,0,0,0,0,0,0,0,0,0,3,0.0,0.1,2.0,0.1,0,0,0,0,0,0.00,0.00,0.00,0.16,1,False,True
579,90,0,0,1,0,0,0,0,0,0,0,0,27,20.0,2.4,2.0,2.4,9,1,1,10,1,0.00,0.01,0.01,0.75,8,False,True
580,78,0,0,0,3,0,0,0,0,0,0,0,18,12.4,35.2,8.0,5.6,3,8,0,11,1,0.00,0.09,0.09,1.97,2,False,True
581,1,0,0,0,0,0,0,0,0,0,0,0,3,0.0,0.0,0.0,0.0,0,0,0,0,0,0.00,0.00,0.00,0.00,1,False,True
582,0,0,0,0,0,0,0,0,0,0,0,0,0,0.0,0.0,0.0,0.0,0,0,0,0,0,0.00,0.00,0.00,0.00,0,False,False
583,30,0,0,0,0,0,0,0,0,0,0,0,2,2.4,2.0,4.0,0.8,1,1,1,2,0,0.00,0.00,0.00,0.14,1,False,True
584,5,0,0,0,0,0,0,0,0,0,0,0,1,0.0,0.0,0.0,0.0,0,1,1,2,0,0.00,0.00,0.00,0.00,1,False,True
585,19,0,0,0,0,0,0,0,0,0,0,0,2,6.6,0.1,0.0,0.7,1,1,1,2,0,0.00,0.00,0.00,0.12,1,False,True
586,70,0,0,1,0,0,0,0,0,0,0,0,22,16.2,0.6,14.0,3.1,7,2,3,10,1,0.03,0.00,0.03,1.81,8,False,True
587,0,0,0,0,0,0,0,0,0,0,0,0,0,0.0,0.0,0.0,0.0,0,0,0,0,0,0.00,0.00,0.00,0.00,0,False,False
588,90,0,0,0,2,0,0,0,0,0,0,0,6,21.6,2.3,8.0,3.2,7,3,3,10,1,0.72,0.01,0.73,3.14,3,False,True
589,81,0,0,1,0,0,0,0,1,0,0,0,7,13.4,21.6,0.0,3.5,4,5,1,10,1,0.00,0.01,0.01,1.93,2,False,True
590,0,0,0,0,0,0,0,0,0,0,0,0,0,0.0,0.0,0.0,0.0,0,0,0,0,0,0.00,0.00,0.00,0.00,0,False,False
591,90,0,0,0,2,0,0,0,1,0,0,0,16,10.2,22.5,23.0,5.6,2,3,0,5,1,0.24,0.02,0.26,0.69,1,False,True
592,12,0,0,0,0,0,0,0,0,0,0,0,4,3.6,14.0,0.0,1.8,0,2,0,0,0,0.00,0.02,0.02,0.00,1,False,True
593,90,0,0,0,2,0,0,0,0,0,0,0,3,0.6,6.4,10.0,1.7,1,4,0,1,1,0.11,0.02,0.13,1.37,1,False,True
594,13,0,0,0,0,0,0,0,1,0,0,0,-7,0.0,0.0,4.0,0.0,0,0,0,0,0,0.42,0.00,0.42,0.10,0,False,True
595,0,0,0,0,0,0,0,0,0,0,0,0,0,0.0,0.0,0.0,0.0,0,0,0,0,0,0.00,0.00,0.00,0.00,0,False,False
596,15,0,0,0,0,0,0,0,0,0,0,0,3,2.6,2.6,0.0,0.5,1,2,0,1,0,0.00,0.01,0.01,0.35,1,False,True
597,90,0,0,1,0,0,0,0,0,0,4,3,38,27.2,0.0,0.0,2.7,1,13,0,0,1,0.00,0.00,0.00,0.57,10,True,True
598,90,0,0,0,1,0,0,0,0,0,0,0,12,27.6,21.1,6.0,5.5,10,0,0,10,1,0.00,0.57,0.57,2.19,4,False,True
599,0,0,0,0,0,0,0,0,0,0,0,0,0,0.0,0.0,0.0,0.0,0,0,0,0,0,0.00,0.00,0.00,0.00,0,False,False
600,0,0,0,0,0,0,0,0,0,0,0,0,0,0.0,0.0,0.0,0.0,0,0,0,0,0,0.00,0.00,0.00,0.00,0,False,False
601,0,0,0,0,0,0,0,0,0,0,0,0,0,0.0,0.0,0.0,0.0,0,0,0,0,0,0.00,0.00,0.00,0.00,0,False,False
602,0,0,0,0,0,0,0,0,0,0,0,0,0,0.0,0.0,0.0,0.0,0,0,0,0,0,0.00,0.00,0.00,0.00,0,False,False
603,0,0,0,0,0,0,0,0,0,0,0,0,0,0.0,0.0,0.0,0.0,0,0,0,0,0,0.00,0.00,0.00,0.00,0,False,False
604,0,0,0,0,0,0,0,0,0,0,0,0,0,0.0,0.0,0.0,0.0,0,0,0,0,0,0.00,0.00,0.00,0.00,0,False,False
605,90,0,0,0,1,0,0,0,0,0,0,0,16,8.2,24.4,20.0,5.3,2,3,0,5,1,0.05,0.09,0.14,2.49,2,False,True
606,0,0,0,0,0,0,0,0,0,0,0,0,0,0.0,0.0,0.0,0.0,0,0,0,0,0,0.00,0.00,0.00,0.00,0,False,False
607,0,0,0,0,0,0,0,0,0,0,0,0,0,0.0,0.0,0.0,0.0,0,0,0,0,0,0.00,0.00,0.00,0.00,0,False,False
608,1,0,0,0,0,0,0,0,0,0,0,0,4,0.0,0.0,0.0,0.0,0,0,0,0,0,0.00,0.00,0.00,0.05,1,False,True
609,0,0,0,0,0,0,0,0,0,0,0,0,0,0.0,0.0,0.0,0.0,0,0,0,0,0,0.00,0.00,0.00,0.00,0,False,False
610,0,0,0,0,0,0,0,0,0,0,0,0,0,0.0,0.0,0.0,0.0,0,0,0,0,0,0.00,0.00,0.00,0.00,0,False,False
611,5,0,0,0,0,0,0,0,0,0,0,0,3,2.8,0.9,0.0,0.4,1,0,0,1,0,0.00,0.00,0.00,0.35,1,False,True
612,0,0,0,0,0,0,0,0,0,0,0,0,0,0.0,0.0,0.0,0.0,0,0,0,0,0,0.00,0.00,0.00,0.00,0,False,False
613,0,0,0,0,0,0,0,0,0,0,0,0,0,0.0,0.0,0.0,0.0,0,0,0,0,0,0.00,0.00,0.00,0.00,0,False,False
614,0,0,0,0,0,0,0,0,0,0,0,0,0,0.0,0.0,0.0,0.0,0,0,0,0,0,0.00,0.00,0.00,0.00,0,False,False
615,0,0,0,0,0,0,0,0,0,0,0,0,0,0.0,0.0,0.0,0.0,0,0,0,0,0,0.00,0.00,0.00,0.00,0,False,False
616,14,0,0,0,0,0,0,0,0,0,0,0,5,11.2,0.5,0.0,1.2,2,3,0,5,0,0.00,0.00,0.00,0.37,1,False,True
617,8,0,0,0,0,0,0,0,0,0,0,0,5,3.0,0.0,17.0,2.0,0,0,0,0,0,0.05,0.00,0.05,0.00,1,False,True
618,0,0,0,0,0,0,0,0,0,0,0,0,0,0.0,0.0,0.0,0.0,0,0,0,0,0,0.00,0.00,0.00,0.00,0,False,False
619,77,0,0,0,2,0,0,0,0,0,0,0,24,20.2,22.5,0.0,4.3,3,12,4,19,1,0.00,0.02,0.02,0.69,4,False,True
620,0,0,0,0,0,0,0,0,0,0,0,0,0,0.0,0.0,0.0,0.0,0,0,0,0,0,0.00,0.00,0.00,0.00,0,False,False
621,3,0,0,0,0,0,0,0,0,0,0,0,5,5.2,0.0,2.0,0.7,0,2,2,4,0,0.00,0.00,0.00,0.02,1,False,True
622,0,0,0,0,0,0,0,0,0,0,0,0,0,0.0,0.0,0.0,0.0,0,0,0,0,0,0.00,0.00,0.00,0.00,0,False,False
623,0,0,0,0,0,0,0,0,0,0,0,0,0,0.0,0.0,0.0,0.0,0,0,0,0,0,0.00,0.00,0.00,0.00,0,False,False
624,0,0,0,0,0,0,0,0,0,0,0,0,0,0.0,0.0,0.0,0.0,0,0,0,0,0,0.00,0.00,0.00,0.00,0,False,False
625,0,0,0,0,0,0,0,0,0,0,0,0,0,0.0,0.0,0.0,0.0,0,0,0,0,0,0.00,0.00,0.00,0.00,0,False,False
626,0,0,0,0,0,0,0,0,0,0,0,0,0,0.0,0.0,0.0,0.0,0,0,0,0,0,0.00,0.00,0.00,0.00,0,False,False
627,26,0,0,0,0,0,0,0,0,0,0,0,5,3.0,10.5,2.0,1.6,0,0,0,0,0,0.00,0.07,0.07,0.17,1,False,True
628,0,0,0,0,0,0,0,0,0,0,0,0,0,0.0,0.0,0.0,0.0,0,0,0,0,0,0.00,0.00,0.00,0.00,0,False,False
629,0,0,0,0,0,0,0,0,0,0,0,0,0,0.0,0.0,0.0,0.0,0,0,0,0,0,0.00,0.00,0.00,0.00,0,False,False
630,0,0,0,0,0,0,0,0,0,0,0,0,0,0.0,0.0,0.0,0.0,0,0,0,0,0,0.00,0.00,0.00,0.00,0,False,False
631,0,0,0,0,0,0,0,0,0,0,0,0,0,0.0,0.0,0.0,0.0,0,0,0,0,0,0.00,0.00,0.00,0.00,0,False,False
632,0,0,0,0,0,0,0,0,0,0,0,0,0,0.0,0.0,0.0,0.0,0,0,0,0,0,0.00,0.00,0.00,0.00,0,False,False
633,0,0,0,0,0,0,0,0,0,0,0,0,0,0.0,0.0,0.0,0.0,0,0,0,0,0,0.00,0.00,0.00,0.00,0,False,False
634,27,0,0,0,0,0,0,0,0,0,0,0,4,0.0,0.8,6.0,0.7,0,1,0,1,0,0.00,0.00,0.00,0.04,1,False,True
635,11,0,0,0,0,0,0,0,0,0,0,0,3,3.6,1.3,9.0,1.4,0,0,1,1,0,0.13,0.22,0.35,0.00,1,False,True
636,0,0,0,0,0,0,0,0,0,0,0,0,0,0.0,0.0,0.0,0.0,0,0,0,0,0,0.00,0.00,0.00,0.00,0,False,False
637,0,0,0,0,0,0,0,0,0,0,0,0,0,0.0,0.0,0.0,0.0,0,0,0,0,0,0.00,0.00,0.00,0.00,0,False,False
638,26,0,0,0,0,0,0,0,0,0,0,0,3,2.2,0.3,2.0,0.5,1,2,0,1,0,0.00,0.00,0.00,0.12,1,False,True
639,0,0,0,0,0,0,0,0,0,0,0,0,0,0.0,0.0,0.0,0.0,0,0,0,0,0,0.00,0.00,0.00,0.00,0,False,False
640,24,0,0,0,0,0,0,0,0,0,0,0,4,3.2,0.5,7.0,1.1,0,0,0,0,0,0.02,0.01,0.03,0.06,1,False,True
641,0,0,0,0,0,0,0,0,0,0,0,0,0,0.0,0.0,0.0,0.0,0,0,0,0,0,0.00,0.00,0.00,0.00,0,False,False
642,27,0,0,0,0,0,0,0,0,0,0,0,5,3.2,10.8,0.0,1.4,0,1,0,1,0,0.00,0.04,0.04,0.12,1,False,True
643,16,1,0,0,0,0,0,0,0,0,0,0,20,33.2,0.7,17.0,5.1,0,0,0,0,0,0.15,0.00,0.15,0.57,7,False,True
644,73,0,0,0,2,0,0,0,0,0,0,0,8,4.2,0.2,1.0,0.5,2,3,1,6,1,0.02,0.00,0.02,2.57,2,False,True
645,0,0,0,0,0,0,0,0,0,0,0,0,0,0.0,0.0,0.0,0.0,0,0,0,0,0,0.00,0.00,0.00,0.00,0,False,False
646,16,0,0,0,0,0,0,0,0,0,0,0,3,0.0,0.5,0.0,0.1,0,0,0,0,0,0.00,0.00,0.00,0.39,1,False,True
647,1,0,0,0,0,0,0,0,0,0,0,0,2,2.0,0.3,0.0,0.2,0,0,1,1,0,0.00,0.00,0.00,0.13,1,False,True
648,0,0,0,0,0,0,0,0,0,0,0,0,0,0.0,0.0,0.0,0.0,0,0,0,0,0,0.00,0.00,0.00,0.00,0,False,False
649,13,1,0,0,1,0,0,0,0,0,0,0,13,33.4,0.8,7.0,4.1,0,0,0,0,0,0.03,0.00,0.03,0.29,7,False,True
650,0,0,0,0,0,0,0,0,0,0,0,0,0,0.0,0.0,0.0,0.0,0,0,0,0,0,0.00,0.00,0.00,0.00,0,False,False
651,0,0,0,0,0,0,0,0,0,0,0,0,0,0.0,0.0,0.0,0.0,0,0,0,0,0,0.00,0.00,0.00,0.00,0,False,False
652,0,0,0,0,0,0,0,0,0,0,0,0,0,0.0,0.0,0.0,0.0,0,0,0,0,0,0.00,0.00,0.00,0.00,0,False,False
653,0,0,0,0,0,0,0,0,0,0,0,0,0,0.0,0.0,0.0,0.0,0,0,0,0,0,0.00,0.00,0.00,0.00,0,False,False
654,0,0,0,0,0,0,0,0,0,0,0,0,0,0.0,0.0,0.0,0.0,0,0,0,0,0,0.00,0.00,0.00,0.00,0,False,False
